"PILOT_00036 00036 VALPARAISO IN,Gas"
"LOT D 000000049 CHICAGO IL,Auto & Transport"
"UDIPI PALACE SCHAUMBURG IL,Food & Dining"
"IL TOLLWAY AUTO REPLEN 800-,Auto & Transport"
"KROGER #2973 FT WAYNE IN,Groceries"
"KROGER #973 FT WAYNE IN,Groceries"
"JAMISON MEATS INC - ANTH FORT WA,Groceries"
"AMAZON.COM*M22KL6282 AMZN.COM/BI,Shopping"
"MEIJER INC #124 QFORT WAYNE IN,Groceries"
"FORT WAYNE HALAL MARFORT WAYNE,Food & Dining"
"Deposit - ONLINE DEPOSIT: REF # 51461291,Income"
"Deposit - ONLINE DEPOSIT: REF # 51461273,Income"
"ATM WITHDRAWAL,Cash Expenses"
"QuickPay with Zelle payment to H,Mobile Phone"
"QuickPay with Zelle payment to S,Party & Farewell"
"DOLLAR GENERAL15525 FORT WAYNE I,Shopping"
"AEP              ONLINE PMT,Electricity"
"MARATHON PETRO255471 FORT WAYNE,Gas"
"CVS/PHARMACY #06737 FORT WAYNE I,Pharmacy"
"DOLLAR GENERAL15525 FORT WAYNE I,Shopping"
"FORT WAYNE HALAL MARKET FORT WAY,Groceries"
"Deposit - ONLINE DEPOSIT: REF # 51500333,Income"
"Deposit - CAPGEMINI AMERICDIRECT DEP190115,Paycheck"
"REDEMPTION PAYOUT,Transfer"
"INTEREST,Interest Income"
"LANSI            IAT PAYPAL 1004,Books & Supplies"
"CAPGEMINI AMERIC DIRECT DEP,Paycheck"
"FID BKG SVC LLC  MONEYLINE,Transfer"
"CTS*FRONTIER ONLINEPAY 800-,Internet"
"REDEMPTION PAYOUT,Transfer"
"INTEREST,Interest Income"
"SAINT JOSEPH UNITED METH 260-485,Day Care"
"SPICE AND HERB THAI - FORT WAYNE,Restaurants"
"ALDI 44057 FORT WAYNE IN,Groceries"
"MEIJER # 124 FORT WAYNE IN,Groceries"
"FORT WAYNE HALAL MARKET FORT WAY,Groceries"
"AUNTIE ANNE'S IN116 FT WAYNE IN,Fast Food"
"Withdrawal - HONDA PMT       8005426632B19021,Auto Payment"
"BP#8674558RICKERS #55 FORT WAYNE,Gas"
"REDEMPTION PAYOUT,Transfer"
"INTEREST,Interest Income"
"FORT WAYNE HALAL MARKET FORT WAY,Groceries"
"CASA GRILLE ITALIANOFORT WAYNE,Restaurants"
"SAMS CLUB - #6313 FORT WAYNE IN,Groceries"
"SAMS CLUB - #6313 FORT WAYNE IN,Groceries"
"MEIJER # 124 FORT WAYNE IN,Groceries"
"SAMS CLUB - #6313 FORT WAYNE IN,Groceries"
"REDEMPTION PAYOUT,Transfer"
"INTEREST,Interest Income"
"BP#8674558RICKERS #55 FORT WAYNE,Gas"
"Withdrawal - Canterbury GreenWEB PMTS  012919,Mortgage & Rent"
"FID BKG SVC LLC  MONEYLINE,Transfer"
"AVI ZIMMER BIOMET WEST WARS,Restaurants"
"SAINT JOSEPH UNITED METH 260-485,Day Care"
"Deposit - CAPGEMINI AMERICDIRECT DEP190131,Paycheck"
"YOU BOUGHT FACT SHEET TO FOLLOW,Buy"
"BENEFIT          PAYMENT,Interest Income"
"INTEREST EARNED,Interest Income"
"INTEREST,Interest Income"
"INTEREST PAYMENT,Interest Income"
"CAPGEMINI AMERIC DIRECT DEP,Paycheck"
"WAL-MART SC - #1419 FORT WAYNE I,Groceries"
"JAMISON MEATS INC - ANTH FORT WA,Groceries"
"SAMS CLUB - #6313 FORT WAYNE IN,Groceries"
"THE HOME DEPOT #2009 FORT WAYNE,Home Improvement"
"PANDA EXPRESS #1869 FORT WAYNE I,Fast Food"
"MEIJER # 124 FORT WAYNE IN,Groceries"
"BURLNGTON STORES872 FORT WAYNE I,Clothing"
"FORT WAYNE HALAL MARKET FORT WAY,Groceries"
"SAMS CLUB - #6313 FORT WAYNE IN,Gas"
"QuickPay with Zelle payment to H,Mobile Phone"
"BENEFIT          PAYMENT,Interest Income"
"QuickPay with Zelle payment to S,Entertainment"
"REDEMPTION PAYOUT,Transfer"
"INTEREST,Interest Income"
"REDEMPTION PAYOUT,Transfer"
"INTEREST,Interest Income"
"ZIMMER INC PAYROLL,Paycheck"
"INTEREST PAYMENT,Interest Income"
"QuickPay with Zelle payment to R,Party & Farewell"
"SAMS CLUB - #6313 FORT WAYNE IN,Gas"
"AUNTIE ANNE'S IN102 FT WAYNE IN,Fast Food"
"SAMS CLUB - #6313 FORT WAYNE IN,Groceries"
"REDEMPTION PAYOUT,Transfer"
"INTEREST,Interest Income"
"SAINT JOSEPH UNITED METH 260-485,Day Care"
"SAINT JOSEPH UNITED METH 260-485,Day Care"
"AEP              ONLINE PMT,Electricity"
"BP#8674558RICKERS #55 FORT WAYNE,Gas"
"SAINT JOSEPH UNITED METH 260-485,Day Care"
"Deposit - CAPGEMINI AMERICDIRECT DEP190215,Paycheck"
"FID BKG SVC LLC  MONEYLINE,Transfer"
"REDEMPTION PAYOUT,Transfer"
"INTEREST,Interest Income"
"CAPGEMINI AMERIC DIRECT DEP,Paycheck"
"AVI ZIMMER BIOMET WEST WARS,Restaurants"
"SALSA GRILLE - YMCA FORT WAYNE I,Health & Fitness"
"JAMISON MEATS INC - ANTH FORT WA,Groceries"
"DUNKIN #347963 FORT WAYNE IN,Fast Food"
"CTS*FRONTIER ONLINEPAY 800-,Internet"
"SPEEDWAY 05166 STE FORT WAYNE IN,Gas"
"ALDI 44057 FORT WAYNE IN,Groceries"
"FORT WAYNE HALAL MARKET FORT WAY,Groceries"
"YOU BOUGHT FACT SHEET TO FOLLOW,Buy"
"MARATHON PETRO255471 FORT WAYNE,Gas"
"Withdrawal - HONDA PMT       8005426632B19050,Auto Payment"
"MEIJER # 124 FORT WAYNE IN,Groceries"
"SAMS CLUB - #6313 FORT WAYNE IN,Groceries"
"SAMS CLUB - #6313 FORT WAYNE IN,Groceries"
"REDEMPTION PAYOUT,Transfer"
"INTEREST,Interest Income"
"ZIMMER INC PAYROLL,Paycheck"
"Cash Redemption,Transfer"
"SAINT JOSEPH UNITED METH 260-485,Day Care"
"SCIENCE CENTRAL FORT WAYNE IN,Amusement"
"SCOTT'S #405 FT WAYNE IN,Groceries"
"BENEFIT          PAYMENT,Reimbursement"
"MARATHON PETRO255471 FORT WAYNE,Gas"
"Deposit - CAPGEMINI AMERICDIRECT DEP190228,Paycheck"
"SPEEDWAY 05505 COL FORT WAYNE IN,Gas"
"Withdrawal - Canterbury GreenWEB PMTS  022819,Mortgage & Rent"
"INTEREST EARNED,Interest Income"
"INTEREST,Interest Income"
"INTEREST PAYMENT,Interest Income"
"QuickPay with Zelle payment to H,Mobile Phone"
"CAPGEMINI AMERIC DIRECT DEP,Paycheck"
"GOODYEAR 6729 FT WAYNE IN,Service & Parts"
"KROGER #973 FT WAYNE IN,Groceries"
"SALSA GRILLE - YMCA FORT WAYNE I,Fast Food"
"LUFTHANSA0000000000146 NEW,Air Travel"
"PANDA EXPRESS #1869 FORT WAYNE I,Fast Food"
"SAMS CLUB - #6313 FORT WAYNE IN,Gas"
"SAMS CLUB - #6313 FORT WAYNE IN,Groceries"
"SAMS CLUB - #6313 FORT WAYNE IN,Fast Food"
"SAINT JOSEPH UNITED METH 260-485,Day Care"
"THE HOME DEPOT #2009 FORT WAYNE,Home Improvement"
"MEIJER # 124 FORT WAYNE IN,Groceries"
"REDEMPTION PAYOUT,Transfer"
"INTEREST,Interest Income"
"SAMS CLUB - #6313 FORT WAYNE IN,Groceries"
"SPEEDWAY 05505 COL FORT WAYNE IN,Gas"
"SAINT JOSEPH UMC 260-485-9681 IN,Day Care"
"SAMS CLUB - #6313 FORT WAYNE IN,Groceries"
"SAMS CLUB - #6313 FORT WAYNE IN,Fast Food"
"SAMS CLUB - #6313 FORT WAYNE IN,Gas"
"SAMS CLUB - #6313 FORT WAYNE IN,Food & Dining"
"ZIMMER INC PAYROLL,Paycheck"
"DOLLAR TREE FORT WAYNE IN,Home Supplies"
"JAMISON MEATS INC - ANTH FORT WA,Groceries"
"FORT WAYNE HALAL MARKET FORT WAY,Groceries"
"HARBOR FREIGHT TOOLS 111 FORT WA,Home Improvement"
"FRESH THYME #203 FORT WA FORT WA,Groceries"
"ZIMMER INC PAYROLL,Paycheck"
"BURGER KING #5397 WARSAW IN,Fast Food"
"BURGER KING #5397 WARSAW IN,Fast Food"
"SPEEDWAY 06139 212 PIERCETON IN,Gas"
"AEP              ONLINE PMT,Electricity"
"INTEREST PAYMENT,Interest Income"
"Deposit - CAPGEMINI AMERICDIRECT DEP190315,Paycheck"
"FID BKG SVC LLC  MONEYLINE,Transfer"
"SPEEDWAY 05505 COL FORT WAYNE IN,Gas"
"SAINT JOSEPH UMC 260-485-9681 IN,Day Care"
"CAPGEMINI AMERIC DIRECT DEP,Paycheck"
"JCPENNEY 1972 FORT WAYNE IN,Clothing"
"MARATHON PETRO117036 FORT WAYNE,Gas"
"FORT WAYNE HALAL MARKET FORT WAY,Groceries"
"PANDA EXPRESS #1869 FORT WAYNE I,Fast Food"
"USPS KIOSK 1729229550 FORT WAYNE,Office Supplies"
"PANDA EXPRESS #1869 FORT WAYNE I,Fast Food"
"SAMS CLUB - #6313 FORT WAYNE IN,Groceries"
"IRS              USATAXPYMT,Federal Tax"
"CTS*FRONTIER ONLINEPAY 800-,Internet"
"MARATHON PETRO158840   LARW,Gas"
"ACH Deposit From JPMORGAN CHASE BANK, NA,Paycheck"
"SUBWAY 00362517255 FORT WAYNE IN,Fast Food"
"WAL-MART SC - #1419 FORT WAYNE I,Toys"
"WAL-MART SC - #1419 FORT WAYNE I,Party & Farewell"
"Withdrawal - HONDA PMT       8005426632B19078,Auto Payment"
"SAMS CLUB - #6313 FORT WAYNE IN,Groceries"
"SAMS CLUB - #6313 FORT WAYNE IN,Fast Food"
"SAINT JOSEPH UMC 260-485-9681 IN,Day Care"
"CASHBACK BONUS REDEMPTION PYMT/S,Bonus"
"ZIMMER INC PAYROLL,Paycheck"
"JAMISON MEATS INC - ANTH FORT WA,Groceries"
"DON AYRES HONDA FORT WAYNE IN,Service & Parts"
"HINDU TEMPLE OF CNTRL IN INDIANA,Fast Food"
"BP#8674558RICKERS #55 FORT WAYNE,Gas"
"DOLLAR GENERAL15525 FORT WAYNE I,Groceries"
"HINDU TEMPLE INDIANAPOLIS IN,Divine and Donations"
"HINDU TEMPLE OF CNTRL IN INDIANA,Fast Food"
"PATEL BROTHERS CASTLETON IN,Groceries"
"WAL-MART SC - #1419 FORT WAYNE I,Groceries"
"SAMS CLUB - #6313 FORT WAYNE IN,Fast Food"
"SAMS CLUB - #6313 FORT WAYNE IN,Groceries"
"Deposit - CAPGEMINI AMERICDIRECT DEP190329,Paycheck"
"BENEFIT          PAYMENT,Pay Benefits"
"AF*PROPERTY MANAGEMEN. 866-648-1,Home"
"Withdrawal - Canterbury GreenWEB PMTS  032919,Mortgage & Rent"
"INTEREST EARNED,Interest Income"
"INTEREST PAYMENT,Interest Income"
"CAPGEMINI AMERIC DIRECT DEP,Paycheck"
"Interest Paid,Interest Income"
"JAMISON MEATS INC - ANTH FORT WA,Groceries"
"SCOTT'S #405           FT W,Fast Food"
"SAMS CLUB #6313        FORT,Service & Parts"
"SAMS CLUB - #6313 FORT WAYNE IN,Gas"
"SAMS CLUB - #6313 FORT WAYNE IN,Groceries"
"GOSSIP SPA BOUTIQUE FORT WAYNE I,Personal Care"
"SAINT JOSEPH UMC 260-485-9681 IN,Day Care"
"WAL-MART SC - #1419 FORT WAYNE I,Groceries"
"WAL-MART SC - #1419 FORT WAYNE I,Groceries"
"ALDI 44057 FORT WAYNE IN,Fast Food"
"INTEREST as of 03/31/2019,Income"
"ACH Deposit From DIGITAL FCU,Paycheck"
"ACH Deposit From JPMORGAN CHASE BANK, NA,Paycheck"
"4257 AMC FT WAYNE 20 FT. WAYNE I,Movies & DVDs"
"AMERICAN AIRLINES BELLEVUE WA,Business Services"
"EGENFEE* 866-397-2677 WA,Business Services"
"DOR IT40         INTAX,Taxes"
"Account Promotion,Bonus"
"AVI ZIMMER BIOMET WEST WARS,Restaurants"
"MARATHON PETRO175182   WARS,Gas"
"MARATHON PETRO175182   WARS,Fast Food"
"ZIMMER INC PAYROLL,Paycheck"
"SAMS CLUB - #6313 FORT WAYNE IN,Groceries"
"PANDA EXPRESS #1869 FORT WAYNE I,Fast Food"
"SAMS CLUB - #6313 FORT WAYNE IN,Groceries"
"SAMS CLUB - #6313 FORT WAYNE IN,Groceries"
"SAMS CLUB - #6313 FORT WAYNE IN,Groceries"
"MEIJER # 124 FORT WAYNE IN,Groceries"
"EGENCIA*27209881898 866-397-267,Business Services"
"SAMS CLUB - #6313 FORT WAYNE IN,Groceries"
"LYFT *RIDE THU 8PM SAN FRANCISC,Business Services"
"AEP              ONLINE PMT,Electricity"
"BAAN THAI RESTAURANT   FORT,Restaurants"
"AMERICAN00106459628170 8004,Travel"
"INTEREST PAYMENT,Interest Income"
"Deposit - CAPGEMINI AMERICDIRECT DEP190415,Paycheck"
"LYFT *RIDE THU 8PM SAN FRANCISC,Business Services"
"AVIS RENT A CAR PHILADELPHIA PA,Business Services"
"JAMISON MEATS INC - ANTH FORT WA,Groceries"
"VERA BRADLEY ROANOKE IN,Clothing"
"SP * BAEKGAARD USA FORT WAYNE IN,Books & Supplies"
"VERA BRADLEY ROANOKE IN,Clothing"
"CAPGEMINI AMERIC DIRECT DEP,Paycheck"
"QuickPay with Zelle payment to H,Mobile Phone"
"CTS*FRONTIER ONLINEPAY 800-,Internet"
"ATM WITHDRAWAL,Cash Expenses"
"PATEL BROTHERS OF SCHA SCHA,Groceries"
"LOT D PAY ON FOOT      CHIC,Parking"
"GODAVARI               SCHA,Restaurants"
"PRIDE CITGO WARSAW     WARS,Gas"
"BURGER KING #5397 WARSAW IN,Fast Food"
"FORT WAYNE HALAL MARKE FORT,Groceries"
"ZIMMER INC PAYROLL,Paycheck"
"JCPENNEY 1972 FORT WAYNE IN,Clothing"
"USPS PO 1729210904 FORT WAYNE IN,Misc"
"MEIJER INC #124    Q01 FORT,Groceries"
"Withdrawal - HONDA PMT       8005426632B19109,Auto Payment"
"MARATHON PETRO180182FORT WAYNE,Gas"
"MARATHON PETRO57034 WARSAW IN,Gas"
"APPFOLIO    *PROPERTY  8666,Rent & Utilities"
"SPEEDWAY 05505 COL     FORT,Gas"
"SAINT JOSEPH UMC 260-485-9681 IN,Day Care"
"Other check# 146,Misc"
"Deposit - ONLINE DEPOSIT: REF # 52064629,Reimbursement"
"KROGER #973            FT W,Groceries"
"FORT WAYNE HALAL MARKE FORT,Groceries"
"WAL-MART SC - #1419 FORT WAYNE I,Groceries"
"SAMS CLUB - #6313 FORT WAYNE IN,Groceries"
"Deposit - CAPGEMINI AMERICDIRECT DEP190430,Paycheck"
"ESHIPGLOBAL INC 800-816-1615 TX,USCIS"
"Withdrawal - Canterbury GreenWEB PMTS  043019,Mortgage & Rent"
"INTEREST EARNED,Interest Income"
"REDEMPTION PAYOUT,Transfer"
"INTEREST,Interest Income"
"INTEREST PAYMENT,Interest Income"
"CHECK OR SUPPLY  ORDER,Banking Fee"
"CAPGEMINI AMERIC DIRECT DEP,Paycheck"
"Interest Paid,Interest Income"
"Interest Paid,Interest Income"
"IN BMV FT WAYNE PI FORT WAYNE IN,Registration"
"DON AYRES HONDA FORT WAYNE IN,Service & Parts"
"QuickPay with Zelle payment to H,Mobile Phone"
"SAMS CLUB - #6313 FORT WAYNE IN,Gas"
"SAMS CLUB - #6313 FORT WAYNE IN,Groceries"
"WAL-MART SUPERCENTERFORT WAYNE,Groceries"
"ZIMMER INC PAYROLL,Paycheck"
"WAL-MART SC - #1419 FORT WAYNE I,Groceries"
"USCIS (PHOENIX LOCKBOX) WASHINGT,USCIS"
"PANDA EXPRESS #1869 FORT WAYNE I,Fast Food"
"THE HOME DEPOT #2009 FORT WAYNE,Home Improvement"
"MEIJER # 124 FORT WAYNE IN,Groceries"
"SAMS CLUB - #6313 FORT WAYNE IN,Gas"
"FORT WAYNE HALAL MARKET FORT WAY,Groceries"
"DOLLAR TREE FORT WAYNE IN,Home Services"
"Deposit - FID BKG SVC LLC MONEYLINE 190506,Transfer"
"KROGER #2973 FT WAYNE IN,Gas"
"AEP              ONLINE PMT,Electricity"
"KROGER #973 FT WAYNE IN,Groceries"
"WWW COSTCO COM 800-955-2292 WA,Groceries"
"U-HAUL MOVING & STORAGE FORT WAY,Home Services"
"BP#8674616COLISEUM PETRO FORT WA,Fast Food"
"DOLLAR GENERAL15525 FORT WAYNE I,Shopping"
"COSTCO GAS #1161 FT WAYNE IN,Gas"
"INTEREST PAYMENT,Interest Income"
"Deposit - CAPGEMINI AMERICDIRECT DEP190515,Paycheck"
"MARATHON PETRO255471 FORT WAYNE,Gas"
"CAPGEMINI AMERIC DIRECT DEP,Paycheck"
"BURGER KING #5397 WARSAW IN,Fast Food"
"SQ *FAMILYGUARD, LLC WARSAW IN,Home Services"
"CHECK 101,Mortgage & Rent"
"QuickPay with Zelle payment to R,Party & Farewell"
"KROGER #973 FT WAYNE IN,Groceries"
"KROGER #973 FT WAYNE IN,Groceries"
"ZIMMER INC PAYROLL,Paycheck"
"JAMISON MEATS INC - ANTH FORT WA,Groceries"
"CTS*FRONTIER ONLINEPAY 800-,Internet"
"MEIJER # 124 FORT WAYNE IN,Groceries"
"FORT WAYNE CHILDRENS Z FORT WAYN,Amusement"
"SSA FT WAYNE CHILDRENS Z FORT WA,Snacks"
"COSTCO GAS #1161,Gas"
"COSTCO WHSE #1161,Groceries"
"REDEMPTION PAYOUT,Transfer"
"INTEREST,Interest Income"
"AVI ZIMMER BIOMET WEST WARS,Restaurants"
"Withdrawal - HONDA PMT       8005426632B19140,Auto Payment"
"AVI ZIMMER BIOMET WEST WARS,Restaurants"
"DOMESTIC WIRE FEE,Banking Fee"
"DOMESTIC WIRE TRANSFER VIA: COME,Mortgage & Rent"
"AVI ZIMMER BIOMET WEST WARS,Restaurants"
"SPEEDWAY 05166 STE FORT WAYNE IN,Gas"
"Deposit - ONLINE DEPOSIT: REF # 52232085,Income"
"CASHBACK BONUS REDEMPTION PYMT/S,Bonus"
"COMCAST CHICAGO CS 1X 800-266-22,Internet"
"MARATHON PETRO255471 FORT WAYNE,Gas"
"USPS.COM MOVER'S GUIDE XXX-X38-3,Shipping"
"BURGER KING #5397 WARSAW IN,Fast Food"
"THE HOME DEPOT #2009 FORT WAYNE,Home Improvement"
"PATEL BROTHERS OF INDIAN INDIANA,Groceries"
"PATEL BROTHERS OF INDIAN INDIANA,Groceries"
"PATEL BROTHERS OF INDIAN INDIANA,Groceries"
"IKEA FISHERS RESTAURANT,Furnishings"
"WAL-MART SC - #1419 FORT WAYNE I,Groceries"
"HARBOR FREIGHT TOOLS 111 FORT WA,Home Improvement"
"INDIA SIZZLING II INDIANAPOLIS I,Restaurants"
"REDEMPTION PAYOUT,Transfer"
"INTEREST,Interest Income"
"COSTCO GAS #1161,Gas"
"COSTCO WHSE #1161,Groceries"
"FORT WAYNE HALAL MARKET FORT WAY,Groceries"
"ALDI 44057 FORT WAYNE IN,Home Services"
"MEIJER # 124 FORT WAYNE IN,Home Services"
"FORT WAYNE HALAL MARKET FORT WAY,Groceries"
"Deposit - CAPGEMINI AMERICDIRECT DEP190531,Paycheck"
"COSTCO GAS #1161,Gas"
"INTEREST EARNED,Interest Income"
"INTEREST PAYMENT,Interest Income"
"CAPGEMINI AMERIC DIRECT DEP,Paycheck"
"Interest Paid,Interest Income"
"Interest Paid,Interest Income"
"ZIMMER INC PAYROLL,Paycheck"
"U-HAUL MOVING & STORAGE 800-789-,Home Services"
"GEICO *AUTO MACON DC,Auto Insurance"
"HARBOR FREIGHT TOOLS 111 FORT WA,Home Improvement"
"THE HOME DEPOT #2009 FORT WAYNE,Home Improvement"
"THE HOME DEPOT #2009 FORT WAYNE,Home Improvement"
"PHIL#S ONE STOP 13 FORT WAYNE IN,Auto & Transport"
"PANDA EXPRESS #1869 FORT WAYNE I,Restaurants"
"THE HOME DEPOT #2009   FORT,Home Improvement"
"LOWE'S OF WARSAW, IN WARSAW IN,Home Improvement"
"COSTCO GAS #1161,Gas"
"COSTCO WHSE #1161,Restaurants"
"COSTCO GAS #1161,Gas"
"COSTCO WHSE #1161,Restaurants"
"WAL-MART SC - #1419 FORT WAYNE I,Groceries"
"WAL-MART SC - #1419 FORT WAYNE I,Groceries"
"KROGER #973 FT WAYNE IN,Groceries"
"QuickPay with Zelle payment to H,Mobile Phone"
"Withdrawal - Canterbury GreenWEB PMTS  060319,Mortgage & Rent"
"USPS PO XXXXXX0905 FORT WAYNE IN,Shipping"
"MURPHY6726ATWALMART WARSAW IN,Gas"
"WAL-MART SC - #1304 WARSAW IN,Groceries"
"LOWE'S OF WARSAW, IN WARSAW IN,Home Improvement"
"GEICO *AUTO MACON DC,Auto Insurance"
"COSTCO GAS #1161,Gas"
"JAMISON MEATS INC - ANTH FORT WA,Groceries"
"USPS.COM MOVER'S GUIDE XXX-X38-3,Shipping"
"WAL-MART SUPERCENTERWARSAW IN,Groceries"
"JCPENNEY 1972 FORT WAYNE IN,Clothing"
"JCPENNEY 1972 FORT WAYNE IN,Clothing"
"JCPENNEY 1972          FORT,Clothing"
"COSTCO GAS #1161,Gas"
"COSTCO WHSE #1161,Restaurants"
"LN BUYCRASH/CCDW/ORPBOCA RATON,Service & Parts"
"MURPHY6726ATWALMART WARSAW IN,Lawn & Garden"
"MEIJER # 124 FORT WAYNE IN,Groceries"
"MENARDS WARSAW IN 00WARSAW IN,Home Services"
"WAL-MART SC - #1419 FORT WAYNE I,Groceries"
"INTEREST PAYMENT,Interest Income"
"MEDPRO XXXXXXX0937 FORT WAYNE IN,Restaurants"
"PAYPAL           INST XFER  BLVD,Service & Parts"
"PAYPAL *JLINGHUI 4029357733 HK,Service & Parts"
"QuickPay with Zelle payment to H,Mobile Phone"
"Deposit - CAPGEMINI AMERICDIRECT DEP190614,Paycheck"
"FORT WAYNE HALAL MARKET FORT WAY,Groceries"
"WAL-MART SC - #1804 FORT WAYNE I,Groceries"
"GERBER COLLISION & GLASS FORT WA,Auto Insurance"
"KROGER #973 FT WAYNE IN,Groceries"
"ZIMMER INC PAYROLL,Paycheck"
"CAPGEMINI AMERIC DIRECT DEP,Paycheck"
"WAL-MART SC - #1304 WARSAW IN,Groceries"
"LOWE'S OF WARSAW, IN WARSAW IN,Home Improvement"
"COSTCO GAS #1161,Gas"
"ARBYS #1201 FORT WAYNE FORT WAYN,Restaurants"
"MEMBERSHIP FEE JUN 19-MAY 2,Fees & Charges"
"COSTCO GAS #1161,Gas"
"COSTCO WHSE #1161,Groceries"
"MEIJER # 267 WARSAW IN,Groceries"
"Withdrawal - HONDA PMT       8005426632B19170,Auto Payment"
"AMER ELECT PWR   CPPWDRAWAL 0485,Electricity"
"COSTCO GAS #1161,Gas"
"MENARDS WARSAW IN WARSAW IN,Home Improvement"
"ALDI 62038 WARSAW IN,Groceries"
"MENARDS WARSAW IN 00WARSAW IN,Home Improvement"
"WALMART.COM 8009666546 AR,Groceries"
"MENARDS WARSAW IN WARSAW IN,Home Improvement"
"MARTIN'S SUPER MARKE WARSAW IN,Groceries"
"MENARDS WARSAW IN WARSAW IN,Home Improvement"
"NIPSCO           UTIL PYMT  3312,Utilities"
"QuickPay with Zelle payment to S,Restaurants"
"MEIJER # 124 FORT WAYNE IN,Groceries"
"SAMS CLUB - #6313 FORT WAYNE IN,Gas"
"WALMART.COM 8009666546 AR,Groceries"
"WALMART.COM 8009666546 AR,Groceries"
"Deposit - CAPGEMINI AMERICDIRECT DEP190628,Paycheck"
"ZIMMER INC PAYROLL,Paycheck"
"PAYPAL           TRANSFER,Bonus"
"CAPGEMINI AMERIC DIRECT DEP,Paycheck"
"MARATHON PETRO57034 WARSAW IN,Gas"
"Withdrawal - CENLAR LOAN ADM 1 TIME DFT062719,Mortgage & Rent"
"IN BMV WARSAW 448 5WARSAW IN,BMV"
"MENARDS WARSAW IN WARSAW IN,Home Improvement"
"ALDI 62038 WARSAW IN,Groceries"
"JAMISON MEATS INC - AN FORT WAYN,Groceries"
"MARTIN'S SUPER MARKE WARSAW IN,Groceries"
"DISCOVER         E-PAYMENT  6252,Credit Card Payment"
"Withdrawal - AMEX EPAYMENT   ACH PMT   190701,Credit Card Payment"
"COX & KINGS GLOBAL SVC 404314798,USCIS"
"CVS/PHARMACY #06737 FORT WAYNE I,Groceries"
"R GOVINDARAJAN RECEIVER,Transfer"
"COSTCO GAS #1161,Gas"
"SPEEDWAY 06684 WAN WANATAH IN,Gas"
"ALDI 62038 WARSAW IN,Groceries"
"MENARDS WARSAW IN WARSAW IN,Home Improvement"
"MENARDS WARSAW IN WARSAW IN,Home Improvement"
"IKEA BOLINGBROOK BOLINGBROOK IL,Furnishings"
"SP * SRI VENKATESWARA AURORA IL,Snacks"
"GODAVARI NAPERVILLE IL,Restaurants"
"PATEL BROTHERS NAPERVILLE IL,Groceries"
"IN BMV WARSAW 448 WARSAW IN,BMV"
"Online Transfer 8411242698 to TM,Transfer"
"1ST SOURCE BANK  POPMONEY   1ST,Transfer"
"MENARDS WARSAW IN WARSAW IN,Home Improvement"
"MENARDS WARSAW IN WARSAW IN,Home Improvement"
"GEICO *AUTO MACON DC,Auto Insurance"
"ONLINE PAYMENT, THANK YOU,Credit Card Payment"
"QuickPay with Zelle payment from,Transfer"
"DISCOVER BANK NET/MOBILE,Transfer"
"CITI CARD ONLINE PAYMENT    1630,Credit Card Payment"
"WAL-MART #5025 FORT WAYNE IN,Groceries"
"ZIMMER INC PAYROLL,Paycheck"
"INTEREST PAYMENT,Interest Income"
"Deposit - CAPGEMINI AMERICDIRECT DEP190715,Paycheck"
"SUNOCO 0155648900 PIERCETON IN,Gas"
"BWW 3196 FORT WAYNE FORT WAYNE I,Restaurants"
"COSTCO GAS #1161,Gas"
"WAL-MART #1425 COLUMBIA CITYIN,Groceries"
"CAPGEMINI AMERIC DIRECT DEP,Paycheck"
"MARTIN'S SUPER MARKE WARSAW IN,Groceries"
"ALDI 62038 WARSAW IN,Groceries"
"Deposit - ONLINE DEPOSIT: REF # 52529893,Income"
"BA ELECTRONIC PAYMENT,Credit Card Payment"
"Electronic Payment / GOVINDARA ZELLE 070608010902,Transfer"
"CTS*FRONTIER ONLINEPAY XXX-X21-8,Internet"
"Online Transfer 8441177569 to DC,Transfer"
"QuickPay with Zelle payment from,Transfer"
"Payment Received - Thank You!,Credit Card Payment"
"Electronic Payment / GOVINDARA ZELLE 071402000635,Transfer"
"COSTCO GAS #1161,Gas"
"BK OF AMER MC    ONLINE PMT CKF0,Credit Card Payment"
"Online Transfer 8444761140 to DC,Transfer"
"QuickPay with Zelle payment from,Transfer"
"Deposit - JPMorgan Chase  EXT TRNSFR190719,Transfer"
"DON AYRES HONDA FORT WAYNE IN,Service & Parts"
"CAPITAL ONE N.A. CAPITALONE,Transfer"
"ATM WITHDRAWAL,Transfer"
"Deposit - JPMorgan Chase  EXT TRNSFR190722,Transfer"
"MEIJER # 267 WARSAW IN,Groceries"
"COSTCO GAS #1161,Gas"
"AMERICAN EXPRESS ACH PMT    W739,Credit Card Payment"
"ONLINE PAYMENT - THANK YOU,Credit Card Payment"
"Withdrawal - HONDA PMT       8005426632B19200,Auto Payment"
"KROGER #973 FT WAYNE IN,Groceries"
"Electronic Payment / GOVINDARA ZELLE 083444004604,Transfer"
"COSTCO GAS #1161,Gas"
"QuickPay with Zelle payment from,Transfer"
"MARATHON PETRO57034 WARSAW IN,Fast Food"
"COX & KINGS GLOBAL SVC 404314798,USCIS"
"COX & KINGS GLOBAL SVC 404314798,USCIS"
"ZIMMER INC PAYROLL,Paycheck"
"FUN CENTER AT PAIGES COLUMBIA CI,Amusement"
"COSTCO GAS #1161,Gas"
"COSTCO WHSE #1161,Restaurants"
"COSTCO GAS #1161,Gas"
"COSTCO WHSE #1161,Groceries"
"INTERNET PAYMENT - THANK YOU,Credit Card Payment"
"ALDI 44057 FORT WAYNE IN,Groceries"
"MEIJER # 124 FORT WAYNE IN,Groceries"
"Payment Thank You-Mobile,Credit Card Payment"
"NIPSCO           UTIL PYMT  3312,Utilities"
"Payment to Chase card ending in,Credit Card Payment"
"QuickPay with Zelle payment to H,Mobile Phone"
"WAL-MART SC - #1425 COLUMBIA CIT,Groceries"
"DISCOVER         E-PAYMENT  6252,Credit Card Payment"
"Deposit - CAPGEMINI AMERICDIRECT DEP190731,Paycheck"
"Interest Paid,Interest Income"
"CAPGEMINI AMERIC DIRECT DEP,Paycheck"
"Withdrawal - CENLAR LOAN ADM 1 TIME DFT072919,Mortgage & Rent"
"WAL-MART SC - #1425 COLUMBIA CIT,Groceries"
"ICON TRAVEL INSURANCE 888-301928,Insurance"
"Electronic Payment / GOVINDARA ZELLE 184502026402,Transfer"
"QuickPay with Zelle payment from,Transfer"
"SUNOCO 0420776700 CLYDE OH,Gas"
"SQ *DOSA HUT FINE INDI NIAGARA F,Food & Dining"
"STARBUCKS 4OH10 CLYDE OH,Snacks"
"SQ *DOSA HUT FINE INDI NIAGARA F,Food & Dining"
"Withdrawal - HSBCBK SV WEBXFRTRANSFER  190802,Credit Card Payment"
"QUALITY INN NIAGARA FALLSNY,Travel and Stay"
"NIAGARA FALLS F&B NIAGARA FALLSN,Snacks"
"CAVE OF THE WINDS 716-278-0337 N,Amusement"
"INDIA STAR KENMORE NY,Food & Dining"
"NIAGARA RESERVATION SP NIAGARA F,Amusement"
"NIAGARA RESERVATION POS5 NIAGARA,Parking"
"SUNOCO 0200448900 TONAWANDA NY,Gas"
"BP#8726481GOOD TO GO #95 WARSAW,Gas"
"IL TOLLWAY-AUTOREPLENI 8008,Auto & Transport"
"INDIANA - AMERIC PAYMENT,Water"
"Online Transfer 8507619052 to TM,Transfer"
"QuickPay with Zelle payment to S,Transfer"
"QuickPay with Zelle payment from,Transfer"
"ALDI 62038 WARSAW IN,Groceries"
"COSTCO GAS #1161,Gas"
"HSBCBK SV WEBXFR TRANSFER   1740,Credit Card Payment"
"SWAT ENTERPRISES 517-322-2999 MI,Home Improvement"
"Electronic Payment / GOVINDARA ZELLE 065101004276,Transfer"
"QuickPay with Zelle payment from,Transfer"
"ZIMMER INC PAYROLL,Paycheck"
"CHECK 99,Check"
"ALDI 62038 WARSAW IN,Groceries"
"MEIJER # 267 WARSAW IN,Groceries"
"HSBCBK SV WEBXFR TRANSFER   1746,Credit Card Payment"
"COMCAST CHICAGO 800-COMCAST IL,Internet"
"ICI*FEE WARSAW WEB PMT 877-256-8,Waste Water"
"CITY OF WARSAW 574-372-9560 IN,Waste Water"
"INTEREST PAYMENT,Interest Income"
"COSTCO GAS #1161,Gas"
"Deposit - CAPGEMINI AMERICDIRECT DEP190815,Paycheck"
"DON AYRES HONDA FORT WAYNE IN,Service & Parts"
"CAPGEMINI AMERIC DIRECT DEP,Paycheck"
"Deposit - R GOVINDARAJAN  T-MOBILE MONEY   EXT TRNSFR 190815,Transfer"
"FORT WAYNE HALAL MARKET FORT WAY,Groceries"
"INTERNET PAYMENT - THANK YOU,Credit Card Payment"
"TABLEAU-EVENTCORE XXXXXX3400 WA,Uncategorized"
"MEMBERSHIP FEE AUG 19-JUL 2,Fees & Charges"
"WAL-MART SC - #1304 WARSAW IN,Groceries"
"ALDI 62038 WARSAW IN,Groceries"
"MURPHY6726ATWALMART WARSAW IN,Gas"
"HARBOR FREIGHT TOOLS 839 WARSAW,Home Improvement"
"Payment Received - Thank You!,Credit Card Payment"
"BP#8726481GOOD TO GO #95 WARSAW,Gas"
"9251 Great Clips at Gr WARSAW IN,Hair"
"KOHLS #0998 WARSAW IN,Clothing"
"DISCOVER         E-PAYMENT  6252,Credit Card Payment"
"MEIJER # 267 WARSAW IN,Groceries"
"LASSUS 33 45010519 WARSAW IN,Gas"
"Withdrawal - HONDA PMT       8005426632B19231,Auto Payment"
"Payment Thank You - Web,Credit Card Payment"
"Payment to Chase card ending in,Credit Card Payment"
"Party supplies,Entertainment"
"SAMS CLUB - #6313 FORT WAYNE IN,Gas"
"SAMS CLUB - #6313 FORT WAYNE IN,Groceries"
"ZIMMER INC PAYROLL,Paycheck"
"DISCOVER BANK PREARRANGE,Transfer"
"SAMS CLUB - #6313 FORT WAYNE IN,Fast Food"
"OLLIES BARGAIN OUTLET 15 FORT WA,Furnishings"
"PIZZA HUT WARSAW IN,Fast Food"
"BURLINGTON STORES 872 FORT WAYNE,Clothing"
"QuickPay with Zelle payment to V,Groceries"
"NIPSCO           UTIL PYMT  3312,Utilities"
"SAMS CLUB - #6313 FORT WAYNE IN,Groceries"
"SAMS CLUB - #6313 FORT WAYNE IN,Groceries"
"Deposit - SBI 0828 1226 616141 5703 YMCA Park Drive E  Ft Wayne     IN,Transfer"
"CHECK,Transfer"
"CHECK 98,Service & Parts"
"Deposit - CAPGEMINI AMERICDIRECT DEP190830,Paycheck"
"FORT WAYNE HALAL MARKET FORT WAY,Groceries"
"MARATHON PETRO57034 WARSAW IN,Gas"
"INTERNET PAYMENT - THANK YOU,Credit Card Payment"
"CAPGEMINI AMERIC DIRECT DEP,Paycheck"
"Withdrawal - CENLAR LOAN ADM 1 TIME DFT062719,Mortgage & Rent"
"ALDI 62038 WARSAW IN,Groceries"
"WAL-MART SC - #1304 WARSAW IN,Groceries"
"MARATHON PETRO57034 WARSAW IN,Gas"
"DOLLAR TREE WARSAW IN,Lawn & Garden"
"INDIANA - AMERIC PAYMENT,Water"
"MEIJER # 124 FORT WAYNE IN,Groceries"
"SAMS CLUB - #6313 FORT WAYNE IN,Groceries"
"MYP*WARSAWCSFOODSERVICE WARSAW I,Fast Food"
"KOSCIUSKO COMMUNITY YMCA 574-269,Day Care"
"SAMSCLUB #6313,Groceries"
"MARATHON PETRO57034 WARSAW IN,Gas"
"CHECK 151,Waste Water"
"DOLLAR TREE WARSAW IN,Clothing"
"HARBOR FREIGHT TOOLS 839 WARSAW,Home Improvement"
"FORT WAYNE HALAL MARKET FORT WAY,Groceries"
"MEIJER # 267 WARSAW IN,Groceries"
"ALDI 62038 WARSAW IN,Groceries"
"EXC - ADV DEP LAS VEGAS NV,Amusement"
"INTEREST PAYMENT,Interest Income"
"SPIRIT AIRLINES SOUTH FLORIDA FL,Air Travel"
"COSTCO WHSE #1161 FORT WAYNE IN,Groceries"
"COMCAST CHICAGO 800-COMCAST IL,Internet"
"COSTCO GAS #1161,Gas"
"COSTCO WHSE #1161,Groceries"
"CASHBACK BONUS REDEMPTION PYMT/S,Bonus"
"COSTCO WHSE #1161,Groceries"
"COSTCO GAS #1161,Gas"
"COSTCO WHSE #1161,Groceries"
"IC FEE WARSAW    WEB PAYMNT 3894,Fees & Charges"
"CITY OF WARSAW   UTILITY    3894,Utilities"
"MARATHON PETRO57034 WARSAW IN,Gas"
"MARATHON PETRO57034 WARSAW IN,Fast Food"
"LYCAMOBILE, USA  PRIVACYCOM,Uncategorized"
"UNUM returns,Income"
"UNUM returns,Income"
"Withdrawal - HONDA PMT       8005426632B19262,Auto Payment"
"CVS/PHARMACY #06462 WARSAW IN,Party & Farewell"
"MEIJER # 267 WARSAW IN,Groceries"
"WAL-MART SC - #1304 WARSAW IN,Groceries"
"YOUR CASH REWARD/REFUND IS,Income"
"OLLIES BARGAIN OUTLET 158,Home Improvement"
"IXL LEARNING     PRIVACYCOM,Education"
"COSTCO GAS #1161,Gas"
"FORT WAYNE HALAL MARKET FORT WAY,Groceries"
"MARATHON PETRO57034 WARSAW IN,Gas"
"NIPSCO           UTIL PYMT  3312,Utilities"
"PIZZA HUT FORT WAYNE IN,Fast Food"
"IN BMV WARSAW 448 WARSAW IN,BMV"
"USPS KIOSK XXXXXX9550 FORT WAYNE,Shipping"
"MEIJER # 267 WARSAW IN,Groceries"
"WAL-MART SC - #1419 FORT WAYNE I,Party & Farewell"
"WAL-MART SC - #1419 FORT WAYNE I,Groceries"
"COOK'S ORCHARD FORT WAYNE IN,Food & Dining"
"Interest Paid,Interest Income"
"QuickPay with Zelle payment to H,Mobile Phone"
"COSTCO GAS #1161,Gas"
"COSTCO WHSE #1161,Groceries"
"COSTCO WHSE #1161 FORT WAYNE IN,Fast Food"
"Withdrawal - CENLAR LOAN ADM 1 TIME DFT093019,Mortgage & Rent"
"COSTCO GAS #1161,Gas"
"CASHBACK BONUS REDEMPTION PYMT/S,Bonus"
"Withdrawal - CENLAR LOAN ADM 1 TIME DFT093019,Mortgage & Rent"
"WPY*HELP ARULRAJ PRIVACYCOM,Gifts & Donations"
"WPY*GOFUNDME     PRIVACYCOM,Gifts & Donations"
"ZIMMER INC PAYROLL,Paycheck"
"MEIJER # 267 WARSAW IN,Groceries"
"ALDI 62038 WARSAW IN,Groceries"
"WM SUPERCENTER #1419,Groceries"
"WM SUPERCENTER #1419,Groceries"
"COSTCO GAS #1161,Gas"
"COSTCO WHSE #1161,Groceries"
"COSTCO GAS #1161,Gas"
"INDIANA - AMERIC PAYMENT,Water"
"ICON TRAVEL INSURANCE,Travel"
"WM SUPERCENTER #1425,Groceries"
"PATEL BROTHERS NAPERVILLE IL,Groceries"
"MARHABA FOODS II NAPERVILLE IL,Food & Dining"
"PATEL BROTHERS NAPERVILLE IL,Snacks"
"LOT D PAY ON FOOT CHICAGO IL,Auto & Transport"
"LYCAMOBILE USA INC. UNITED STATE,Mobile Phone"
"COSTCO WHSE #1161,Groceries"
"COSTCO GAS #1161,Gas"
"CHECK 153 153,Check"
"SPEEDWAY - 1-800-643-1949, OH,Auto & Transport"
"PATEL BROTHERS XXXXX0001 - NAPERVILLE, IL,Groceries"
"IL TOLLWAY-AUTOREPLENI 8008,Auto & Transport"
"INTEREST PAYMENT,Interest Income"
"Deposit - CAPGEMINI AMERICDIRECT DEP191015,Paycheck"
"ALDI 62038 WARSAW IN,Groceries"
"WAL-MART SC - #1304 WARSAW IN,Groceries"
"COMCAST CHICAGO 800-COMCAST IL,Internet"
"PAYPAL *EBAY INC - XXXXXX7733, CA,Shopping"
"PAYPAL *ON A ROLL - XXXXXX7733, SG,Uncategorized"
"CHECK 152 152,Groceries"
"CAPGEMINI AMERIC DIRECT DEP,Paycheck"
"MEIJER # 267 WARSAW IN,Groceries"
"ALDI 62038 WARSAW IN,Groceries"
"MEIJER # 267 WARSAW IN,Groceries"
"ACH Deposit From 1ST SOURCE BANK,Paycheck"
"COSTCO GAS #1161,Gas"
"ZIMMER INC PAYROLL,Paycheck"
"CHECK 154 154,Waste Water"
"MARATHON PETRO57034 WARSAW IN,Gas"
"COSTCO WHSE #1161,Groceries"
"COSTCO GAS #1161,Gas"
"COSTCO WHSE #1161,Groceries"
"Withdrawal - HONDA PMT       8005426632B19294,Auto Payment"
"WPY*RAVI MANDLA  PRIVACYCOM,Charity"
"WAYFAIR*WAYFAIR WAYFAIR.COM MA,Furnishings"
"SULEKHA,Party & Farewell"
"KOSCIUSKO COMMUNITY YMCA 574-269,Day Care"
"WAYFAIR*WAYFAIR WAYFAIR.COM MA,Furnishings"
"Fireworks,Entertainment"
"Lunch,Restaurants"
"MEIJER # 267,Groceries"
"NIPSCO           UTIL PYMT  3312,Utilities"
"ALDI 62038,Groceries"
"COSTCO GAS #1161,Gas"
"GOODYEAR AUTO SRV CT 6729,Service & Parts"
"AMZN MKTP US*US4QW8XV3 - AMZN.COM/BILL, WA,Home Improvement"
"Range extender,Home Improvement"
"Deposit - CAPGEMINI AMERICDIRECT DEP191031,Paycheck"
"Deposit - ONLINE DEPOSIT: REF # 53147727,Income"
"Interest Paid,Interest Income"
"CAPGEMINI AMERIC DIRECT DEP,Paycheck"
"WAL-MART #1425,Groceries"
"ZIMMER INC PAYROLL,Paycheck"
"Withdrawal - CENLAR LOAN ADM 1 TIME DFT103019,Mortgage & Rent"
"COSTCO GAS #1161,Gas"
"ALDI 62038,Groceries"
"ALDI 62038,Groceries"
"PAYPAL           INST XFER  EBAY,Shopping"
"INDIANA - AMERIC PAYMENT,Water"
"BP#8726481GOOD TO GO #95,Gas"
"CHECK 155 155,Waste Water"
"SAMS CLUB FUEL#6313 6313 - FORT WAYNE, IN,Gas"
"SALSA GRILLE - YMCA,Health & Fitness"
"SAMSCLUB #6313,Groceries"
"SAMS CLUB #6313,Groceries"
"INTEREST PAYMENT,Interest Income"
"Deposit - ONLINE DEPOSIT: REF # 53202131,Income"
"Deposit - ONLINE DEPOSIT: REF # 53202125,Income"
"MCALISTER'S 101025 WARSAW IN,Restaurants"
"DOLLAR TREE,Shopping"
"WANNAR TRAVEL,Amusement"
"EXCALIBUR - FRONT DESK - LAS VEGAS, NV,Hotel"
"FOX RENT A CAR - LAS VEGAS, NV,Rental Car & Taxi"
"SPIRIT AIRLINES ONBOARD RETAIL SPIRIT - IRVING, TX,Air Travel"
"CHEVRON XXX7958/CHEVRON - HURRICANE, UT,Gas"
"WAL-MART #4557,Groceries"
"WAL-MART #1442,Groceries"
"MAVERIK #398,Gas"
"FOX RENT A CAR - LAS VEGAS, NV,Rental Car & Taxi"
"COMCAST CHICAGO 800-COMCAST IL,Internet"
"CITY OF PAGE,Parking"
"SUBWAY        00517532,Fast Food"
"BURGER KING #7070  Q07,Fast Food"
"CHEVRON 0209154,Gas"
"PANDA EXPRESS #2045,Fast Food"
"SAMSCLUB #4983,Groceries"
"BLM RED ROCK CANYON FEE,Amusement"
"WM SUPERCENTER #4356,Groceries"
"SAMSCLUB #4983,Fast Food"
"EXXONMOBIL    48266993,Gas"
"SOUTHERN NEVADA CONSERVAN,Amusement"
"UBER   *TRIP,Rental Car & Taxi"
"UBER   TRIP,Rental Car & Taxi"
"MIDWAY_ITELLER_KIOSK,Amusement"
"MIDWAY_ITELLER_KIOSK,Amusement"
"UBER   *TRIP,Rental Car & Taxi"
"UBER   TRIP,Rental Car & Taxi"
"NON-CHASE ATM FEE-INQ,ATM Fee"
"NON-CHASE ATM FEE-WITH,ATM Fee"
"NON-CHASE ATM WITHDRAW,Cash Expenses"
"Deposit - CAPGEMINI AMERICDIRECT DEP191115,Paycheck"
"SUBWAY        00573840,Fast Food"
"EXC - CASTLE COFFEE,Coffee Shops"
"MB SHARK REEF TKTS,Amusement"
"CIRCUS CIRCUS ADVNTRE DOM,Amusement"
"MANDALAY SHARK REEF SHOP,Food & Dining"
"LYFT   *RIDE THU 7PM,Rental Car & Taxi"
"M&amp;M'S LAS VEGAS 6116,Snacks"
"CAPGEMINI AMERIC DIRECT DEP,Paycheck"
"ZIMMER INC PAYROLL,Paycheck"
"FOX RENT A CAR - LAS VEGAS, NV,Rental Car & Taxi"
"FOX RENT A CAR - LAS VEGAS, NV,Rental Car & Taxi"
"HERSHEYS CHOCOLATE WORLD,Snacks"
"EXC - CASTLE COFFEE,Coffee Shops"
"SHELL OIL 60541220102,Gas"
"SHELL OIL 60541220102,Gas"
"UBER   TRIP,Rental Car & Taxi"
"GRNDCYNASSN-VERKAMPS,Amusement"
"HIGH ROLLER ONLINE,Amusement"
"EXC - CASTLE COFFEE,Coffee Shops"
"EXC- ESSENTIALS - ROYAL,Alcohol & Bars"
"GRAND CYN NP-SOUTH RIM,Amusement"
"SUBWAY        00131359,Fast Food"
"CHEVRON 0207577,Gas"
"77 WELCOME TO LV,Amusement"
"EXCALIBUR HTL SELFPARK,Parking"
"M&amp;M'S LAS VEGAS 6116,Snacks"
"MIDWAY_ITELLER_KIOSK,Amusement"
"ALDI 62038 000000000898684 - WARSAW, IN,Groceries"
"INDIA EXPRESS,Food & Dining"
"INDIA EXPRESS,Food & Dining"
"CURRY POT,Food & Dining"
"COCOLINI - HARMON,Snacks"
"INDIA EXPRESS,Food & Dining"
"BP#8833196RICKERS #38,Gas"
"7-ELEVEN 32195,Gas"
"Pajamas from Amazon,Clothing"
"INDIANAPOLIS AIRPORT AUTH,Parking"
"WANNAR TRAVEL,Travel"
"Withdrawal - HONDA PMT       8005426632B19323,Auto Payment"
"CASH REWARDS STATEMENT CREDIT,Income"
"COSTCO GAS #1161 FT WAYNE IN,Gas"
"BP#8726481GOOD TO GO #95,Gas"
"WM SUPERCENTER #1304,Groceries"
"FORT WAYNE HALAL MARKET,Groceries"
"WAL-MART #1304,Groceries"
"MALLERS-JOYNER CINEMA,Snacks"
"Lunch,Restaurants"
"SAM'S CLUB 6313 6313 - FORT WAYNE, IN,Groceries"
"WALMART/SAMS FUEL#6313 6313 - FORT WAYNE, IN,Gas"
"NIPSCO           UTIL PYMT  3312,Utilities"
"Deposit - CAPGEMINI AMERICDIRECT DEP191129,Paycheck"
"JCPENNEY - FORT WAYNE, IN,Home Improvement"
"PEKING RESTAURANT WARSAW IN,Restaurants"
"Interest Paid,Interest Income"
"BENEFIT          PAYMENT,Reimbursement"
"CAPGEMINI AMERIC DIRECT DEP,Paycheck"
"MENARDS WARSAW IN XXXXX3266 - WARSAW, IN,Home Improvement"
"MENARDS WARSAW IN XXXXX3266 - WARSAW, IN,Home Improvement"
"ZIMMER INC PAYROLL,Paycheck"
"Withdrawal - CENLAR LOAN ADM 1 TIME DFT112619,Mortgage & Rent"
"Withdrawal - CENLAR LOAN ADM 1 TIME DFT112619,Prepayment"
"ALDI 62038,Groceries"
"Mattress,Furnishings"
"SUNOCO 0155648900,Gas"
"GEICO  *AUTO,Auto Insurance"
"COSTCO WHSE #1161,Groceries"
"COSTCO WHSE #1161,Fast Food"
"Sofa,Furnishings"
"COSTCO WHSE #1161,Groceries"
"COSTCO GAS #1161,Gas"
"Monitor,Furnishings"
"CHECK 156 156,Waste Water"
"Withdrawal - TARGET DEBIT CRDACH TRAN  191208,Toys"
"INDIANA - AMERIC PAYMENT,Water"
"ALDI 62038,Groceries"
"ALDI 62038,Groceries"
"COSTCO WHSE #1161,Groceries"
"COSTCO GAS #1161,Gas"
"Withdrawal - TARGET DEBIT CRDACH TRAN  191209,Toys"
"COSTCO WHSE #1161,Groceries"
"WM SUPERCENTER #1419,Groceries"
"INTEREST PAYMENT,Interest Income"
"FORT WAYNE HALAL MARKET,Groceries"
"Deposit - CAPGEMINI AMERICDIRECT DEP191213,Paycheck"
"KOHL'S DEPT STRS CHG PYMT   0430,Clothing"
"COMCAST CHICAGO 800-COMCAST IL,Internet"
"ZIMMER INC PAYROLL,Paycheck"
"CAPGEMINI AMERIC DIRECT DEP,Paycheck"
"COSTCO GAS #1161,Gas"
"COSTCO WHSE #1161,Groceries"
"MEIJER # 267,Groceries"
"Withdrawal - TARGET DEBIT CRDACH TRAN  191213,Clothing"
"MYP*WARSAWCSFOODSERVICE,Fast Food"
"PURDUE GRADUATE SCHOOL registartion fee,Education"
"BP#8726481GOOD TO GO #95,Gas"
"ALDI 62038,Groceries"
"Withdrawal - TARGET DEBIT CRDACH TRAN  191218,Party & Farewell"
"Withdrawal - HONDA PMT       8005426632B19353,Auto Payment"
"COSTCO GAS #1161,Gas"
"COSTCO WHSE #1161,Gas"
"COSTCO WHSE #1161,Groceries"
"DUNKIN #348346,Snacks"
"THAI HOUSE RESTAURANT WARSAW IN,Restaurants"
"WM SUPERCENTER #1304,Groceries"
"2535 Dominos Pizza,Fast Food"
"BIRYANI KITCHEN,Restaurants"
"Lunch,Restaurants"
"WM SUPERCENTER #1425,Groceries"
"NIPSCO           UTIL PYMT  3312,Electricity & Gas"
"SARAGA INTERNATIONAL GROC,Groceries"
"INDIA PALACE RESTAURANT -,Restaurants"
"QuickPay with Zelle payment to H,Transfer"
"ZIMMER INC PAYROLL,Paycheck"
"Deposit - CAPGEMINI AMERICDIRECT DEP191231,Paycheck"
"Interest Paid,Interest Income"
"CAPGEMINI AMERIC DIRECT DEP,Paycheck"
"SAMSCLUB.COM,Furnishings"
"RETURNED DEPOSIT FEE - COLLECTIBLE ($5.00),ATM Fee"
"Withdrawal - CENLAR LOAN ADM 1 TIME DFT123119,Prepayment"
"MENARDS WARSAW IN,Home Improvement"
"MEIJER # 267,Groceries"
"DUNKIN' MOBILE,Snacks"
"Deposit - ONLINE DEPOSIT: REF # 53532657,Income"
"Deposit - ONLINE DEPOSIT: REF # 53532654,Income"
"INDIANA - AMERIC PAYMENT,Water"
"Withdrawal - CENLAR LOAN ADM 1 TIME DFT010220,Mortgage & Rent"
"Withdrawal - CENLAR LOAN ADM 1 TIME DFT010220,Prepayment"
"KOSCIUSKO COMMUNITY YMCA WARSAW,Health & Fitness"
"MENARDS WARSAW IN,Home Improvement"
"COSTCO GAS #1161,Gas"
"COSTCO WHSE #1161,Groceries"
"COSTCO WHSE #1161,Groceries"
"CHECK 157 157,Waste Water"
"ALDI 62038,Groceries"
"ZIMMER INC PAYROLL,Paycheck"
"COMCAST CHICAGO 800-COMCAST IL,Internet"
"RIFAAH NAWAAR    IAT PAYPAL 1007,Books & Supplies"
"INTEREST PAYMENT,Interest Income"
"QuickPay with Zelle payment to J,Phone"
"Deposit - CAPGEMINI AMERICDIRECT DEP200115,Paycheck"
"ALDI 62038,Groceries"
"KROGER 2973,Groceries"
"GOOGLE *SIMPLYAD PRIVACYCOM,Shopping"
"CAPGEMINI AMERIC DIRECT DEP,Paycheck"
"SALSA GRILLE - YMCA,Fast Food"
"FORT WAYNE HALAL MARKET FORT WAY,Groceries"
"MARATHON PETRO57034 WARSAW IN,Gas"
"PMI - Certification,Education"
"Fish buffet,Fast Food"
"WENDYS FORT WAYNE IN,Fast Food"
"JCPENNEY 1972,Clothing"
"JCPENNEY 1972,Clothing"
"COSTCO WHSE #1161,Groceries"
"COSTCO GAS #1161,Gas"
"COSTCO GAS #1161,Gas"
"IPFW             BURCHECK   2648,Tuition"
"Withdrawal - HONDA PMT       8005426632B20020,Auto Payment"
"LUnch,Restaurants"
"KOSCIUSKO COMMUNITY YMCA 574-269,Day Care"
"KALAHARI RESORT- OH - ECO,Amusement"
"ZIMMER INC PAYROLL,Paycheck"
"KALAHARI RESORT- OH,Amusement"
"MEIJER # 267,Groceries"
"WM SUPERCENTER #1304,Groceries"
"9251 Great Clips at Great,Hair"
"BWW 3554 WARSAW,Restaurants"
"COSTCO GAS #1161,Gas"
"NIPSCO           UTIL PYMT  3312,Utilities"
"GOODYEAR AUTO SRV CT 6729,Service & Parts"
"Deposit - CAPGEMINI AMERICDIRECT DEP200131,Paycheck"
"KOSCIUSKO COMMUNITY YM,Day Care"
"KOSCIUSKO COMMUNITY YMCA,Health & Fitness"
"Deposit - DISCOVER BANK   PREARRANGE,Transfer"
"Deposit - JPMorgan Chase  EXT TRNSFR200204,Transfer"
"INDIANA - AMERIC PAYMENT        ,Water"
"MEIJER # 267,Groceries"
"COSTCO GAS #1161,Gas"
"Withdrawal - CENLAR LOAN ADM 1 TIME DFT013120,Mortgage & Rent"
"Deposit - R GOVINDARAJAN  T-MOBILE MONEY   EXT TRNSFR 200204,Transfer"
"INTERNET PAYMENT - THANK YOU,Credit Card Payment"
"Payment to Chase card ending in ,Credit Card Payment"
"BENEFIT          PAYMENT        ,Interest Income"
"Payment Thank You - Web,Credit Card Payment"
"AMZN MKTP US*J07Y74Z63 AMZN.COM/,Home Improvement"
"DISCOVER         E-PAYMENT  6252,Credit Card Payment"
"SUBWAY XXXX1993 WARSAW IN,Fast Food"
"KOSCIUSKO COMMUNITY YMCA XXX-269,Babysitter & Daycare"
"Withdrawal - T-MOBILE MONEY  EXT TRNSFR200207,Transfer"
"HINDU TEMPLE,Party & Farewell"
"PATEL BROTHERS,Groceries"
"PATEL BROTHERS,Groceries"
"KOSCIUSKO COMMUNITY YMCA,Gym"
"COSTCO GAS #1161,Gas"
"COMCAST CHICAGO 800-COMCAST IL,Internet"
"CHECK,Waste Water"
"BENEFIT          PAYMENT        ,Interest Income"
"QDOBA 2732,Fast Food"
"Deposit - CAPGEMINI AMERICDIRECT DEP200214,Paycheck"
"KOSCIUSKO COMMUNITY YMCA 574-269,Babysitter & Daycare"
"CAPGEMINI AMERIC DIRECT DEP     ,Paycheck"
"SUBWAY        00026476,Fast Food"
"KUNG FU BUFFET,Restaurants"
"JCPENNEY 1972,Clothing"
"ALDI 44047,Groceries"
"WAL-MART #1304,Groceries"
"WAL-MART #1304     SE2,Groceries"
"WAL-MART #1304,Groceries"
"Payment Received - Thank You!,Credit Card Payment"
"COSTCO GAS #1161,Gas"
"AMZN MKTP US*WT2JN0Q43 AMZN.COM/,Clothing"
"MARATHON PETRO57034 WARSAW IN,Gas"
"BIRYANI KITCHEN,Food & Dining"
"Withdrawal - HONDA PMT       8005426632B20050,Auto Payment"
"KOSCIUSKO COMMUNITY YMCA 574-269,Babysitter & Daycare"
"BENEFIT          PAYMENT        ,Interest Income"
"COSTCO GAS #1161,Gas"
"COSTCO WHSE #1161,Groceries"
"DON AYRES HONDA,Service & Parts"
"AVI ZIMMER BIOMET WEST WARSAW IN,Food & Dining"
"WAL-MART #1304,Groceries"
"ALDI 62038,Groceries"
"Transfer to 5514855-002 from 5514855-001,Transfer"
"Transfer to 5514855-002 from 5514855-001,Transfer"
"Transfer to 5514855-002 from 5514855-001,Transfer"
"Transfer to 5514855-002 from 5514855-001,Transfer"
"MEIJER # 267,Groceries"
"INDIANA BMV      ACH  SSIS  2457,Registration"
"CASHBACK BONUS REDEMPTION PYMT/S,Bonus"
"INTERNET PAYMENT - THANK YOU,Credit Card Payment"
"QuickPay with Zelle payment from,Transfer"
"QuickPay with Zelle payment from,Transfer"
"Online Transfer 9230348443 to DC,Transfer"
"NIPSCO           UTIL PYMT  3312,Utilities"
"AMERICAN EXPRESS ACH PMT    W761,Credit Card Payment"
"BREHANY CHIROPRACTIC,Doctor"
"Withdrawal - CENLAR LOAN ADM 1 TIME DFT022420,Prepayment"
"BA ELECTRONIC PAYMENT,Credit Card Payment"
"BANK OF AMERICA  ONLINE PMT CKF0,Transfer"
"DISCOVER         E-PAYMENT  6252,Credit Card Payment"
"Deposit - JPMorgan Chase  EXT TRNSFR200228,Transfer"
"Deposit - CAPGEMINI AMERICDIRECT DEP200228,Paycheck"
"KOSCIUSKO COMMUNITY YMCA 574-269,Babysitter & Daycare"
"Interest Paid,Interest Income"
"CAPGEMINI AMERIC DIRECT DEP     ,Paycheck"
"BENEFIT          PAYMENT        ,Interest Income"
"Dividend,Interest Income"
"BIRYANI KITCHEN,Food & Dining"
"WM SUPERCENTER #1304,Groceries"
"MURPHY6726ATWALMART,Gas"
"AMAZON.COM*RQ2NX7OH3 AMZN.COM/BI,Shopping"
"ALDI 62038,Groceries"
"Payment to Chase card ending in ,Credit Card Payment"
"Payment Thank You - Web,Credit Card Payment"
"Withdrawal - CENLAR LOAN ADM 1 TIME DFT030220,Mortgage & Rent"
"ALDI 62038,Groceries"
"Deposit - R GOVINDARAJAN  T-MOBILE MONEY   EXT TRNSFR 200305,Transfer"
"AMERICAN EXPRESS ACH PMT    W381,Credit Card Payment"
"Withdrawal - DISCOVER BANK   NET/MOBILE,Transfer"
"BIRYANI KITCHEN,Food & Dining"
"QuickPay with Zelle payment from,Transfer"
"CHECK,Mortgage & Rent"
"INDIANA - AMERIC PAYMENT        ,Water"
"AMZN MKTP US*WW15J7IZ3 AMZN.COM/,Shopping"
"COSTCO GAS #1161,Gas"
"ALDI 62038,Groceries"
"FORT WAYNE HALAL MARKET,Groceries"
"MEIJER # 267,Groceries"
"Withdrawal - T-MOBILE MONEY  EXT TRNSFR200310,Transfer"
"Deposit - DISCOVER BANK   PREARRANGE,Transfer"
"AMZN MKTP US*DF6PB4AR3 AMZN.COM/,Shopping"
"MARATHON PETRO57034 WARSAW IN,Gas"
"Payment to Chase card ending in ,Credit Card Payment"
"CHECK,Waste Water"
"Payment Thank You - Web,Credit Card Payment"
"KOSCIUSKO COMMUNITY YMCA,Babysitter & Daycare"
"CVS/PHARMACY #06462,Pharmacy"
"Deposit - CAPGEMINI AMERICDIRECT DEP200313,Paycheck"
"COMCAST CHICAGO 800-COMCAST IL,Internet"
"QuickPay with Zelle payment to H,Transfer"
"CAPGEMINI AMERIC DIRECT DEP     ,Paycheck"
"Withdrawal - ROBINHOOD       Funds     200312,Transfer"
"Withdrawal - ROBINHOOD       Funds     200312,Transfer"
"OLD NAVY ON-LINE,Clothing"
"ALDI 62038,Groceries"
"MEIJER # 267,Groceries"
"PAYPAL           INST XFER  PHAR,Transfer"
"COSTCO GAS #1161,Gas"
"COSTCO WHSE #1161,Groceries"
"Payment Received - Thank You!,Credit Card Payment"
"CAPGEMINI FIN SE FSPAY20200 I000,Reimbursement"
"WAL-MART #1304,Groceries"
"ALDI 62038,Groceries"
"MEIJER # 267,Groceries"
"Withdrawal - HONDA PMT       8005426632B20079,Auto Payment"
"PAYMENT - THANK YOU,Transfer"
"AMZN MKTP US*PY6T87223 AMZN.COM/,Shopping"
"QuickPay with Zelle payment from,Transfer"
"HSBCBK SV WEBXFR TRANSFER   2136,Credit Card Payment"
"Payment to Chase card ending in ,Credit Card Payment"
"AMERICAN EXPRESS ACH PMT    W791,Credit Card Payment"
"Payment Thank You - Web,Credit Card Payment"
"AMAZON.COM*S706D4S03 AMZN.COM/BI,Shopping"
"NIPSCO           UTIL PYMT  3312,Utilities"
"Deposit - CAPGEMINI AMERICDIRECT DEP200331,Paycheck"
"Interest Paid,Interest Income"
"CAPGEMINI AMERIC DIRECT DEP     ,Paycheck"
"Dividend,Interest Income"
"INTERNET PAYMENT - THANK YOU,Credit Card Payment"
"DISCOVER         E-PAYMENT  6252,Credit Card Payment"
"INSTACART SUBSCRIPTION,Groceries"
"Withdrawal - CENLAR LOAN ADM 1 TIME DFT040120,Mortgage & Rent"
"INSTACART,Groceries"
"INSTACART,Groceries"
"INSTACART*ALDI,Groceries"
"INDIANA - AMERIC PAYMENT        ,Water"
"PHYSICIANS URGENT CARE,Health & Fitness"
"COMCAST CHICAGO 800-COMCAST IL,Internet"
"Deposit - CAPGEMINI AMERICDIRECT DEP200415,Paycheck"
"Transfer to 5514855-001 from 5514855-002,Transfer"
"Transfer to 5514855-001 from 5514855-002,Transfer"
"WALMART GROCERY,Groceries"
"WALMART GROCERY,Groceries"
"WALMART GROCERY,Groceries"
"IRS  TREAS 310     TAX REF      ,Income"
"CAPGEMINI AMERIC DIRECT DEP     ,Paycheck"
"AMAZON.COM*P365K52P3 AMZN.COM/BI,Shopping"
"INDIANA BMV      ACH  SSIS  2467,Registration"
"AMAZON.COM*UH74V1R73 AMZN.COM/BI,Shopping"
"Payment Received - Thank You!,Credit Card Payment"
"Deposit - ONLINE DEPOSIT: REF # 54146434,Income"
"Deposit - ONLINE DEPOSIT: REF # 54146428,Income"
"Payment to Chase card ending in ,Credit Card Payment"
"Online Transfer to SAV ...9544 t,Transfer"
"Payment Thank You - Web,Credit Card Payment"
"CITY OF WARSAW   UTILITY    6307,Utilities"
"AMAZON.COM*402W03JL3 AMZN.COM/BI,Shopping"
"AMZN MKTP US*5N8FH1ID3 AMZN.COM/,Shopping"
"QuickPay with Zelle payment from,Transfer"
"Withdrawal - HONDA PMT       8005426632B20111,Auto Payment"
"QuickPay with Zelle payment from,Transfer"
"Online Transfer to SAV ...9544 t,Transfer"
"QuickPay with Zelle payment from,Transfer"
"AMAZON.COM*R05GK3HE3 AMZN.COM/BI,Shopping"
"BIRYANI KITCHEN,Food & Dining"
"WALMART GROCERY,Groceries"
"WALMART GROCERY,Groceries"
"QuickPay with Zelle payment from,Transfer"
"Payment to Chase card ending in ,Credit Card Payment"
"Online Transfer to SAV ...9544 t,Transfer"
"Payment Thank You - Web,Credit Card Payment"
"DISNEYPLUS       PRIVACYCOM     ,Movies & DVDs"
"QuickPay with Zelle payment from,Transfer"
"QuickPay with Zelle payment from,Transfer"
"Online Transfer 9521679892 to DC,Transfer"
"CHECK,Waste Water"
"Amazon,Shopping"
"INSTACART,Groceries"
"WALMART GROCERY,Groceries"
"NIPSCO           UTIL PYMT  3312,Utilities"
"Deposit - JPMorgan Chase  EXT TRNSFR200430,Transfer"
"Deposit - CAPGEMINI AMERICDIRECT DEP200430,Paycheck"
"ORIG CO NAME:CAPGEMINI AMERIC CO,Paycheck"
"WALMART GROCERY,Groceries"
"WALMART GROCERY,Groceries"
"DISCOVER         E-PAYMENT  6252,Credit Card Payment"
"INDIANA - AMERIC PAYMENT        ,Water"
"Withdrawal - CENLAR LOAN ADM 1 TIME DFT050420,Mortgage & Rent"
"TRAVELERS-GEICO AGENCY,Auto Insurance"
"Online Transfer 9596136328 to Di,Transfer"
"QuickPay with Zelle payment to P,Transfer"
"MENARDS WARSAW IN,Home Improvement"
"COMCAST CHICAGO 800-COMCAST IL,Internet"
"Deposit - CAPGEMINI AMERICDIRECT DEP200515,Paycheck"
"Face masks,Health & Fitness"
"WALMART GROCERY,Groceries"
"WALMART GROCERY,Groceries"
"CAPGEMINI AMERIC DIRECT DEP     ,Paycheck"
"Aadhya Dance fee,Education"
"Withdrawal - HONDA PMT       8005426632B20140,Auto Payment"
"AMZN Mktp US*M74AI20Y0,Shopping"
"COSTCO WHSE #1161,Groceries"
"FORT WAYNE HALAL MARKET,Groceries"
"AMZN Mktp US*M75XF0GL1,Shopping"
"COSTCO GAS #1161,Gas"
"COSTCO WHSE #1161,Groceries"
"COSTCO WHSE #1161,Groceries"
"CITY OF WARSAW,Utilities"
"MENARDS WARSAW IN,Home Improvement"
"MENARDS WARSAW IN,Home Improvement"
"MENARDS WARSAW IN,Home Improvement"
"MENARDS WARSAW IN,Home Improvement"
"Online Transfer from SAV ...9544,Transfer"
"Payment to Chase card ending in ,Credit Card Payment"
"MENARDS returns,Home Improvement"
"NIPSCO           UTIL PYMT  3312,Utilities"
"DisneyPLUS,Movies & DVDs"
"Deposit - CAPGEMINI AMERICDIRECT DEP200529,Paycheck"
"Interest Paid,Interest Income"
"Amazon.com*M75LR1YS1,Toy for Aadhya"
"CAPGEMINI AMERIC DIRECT DEP     ,Paycheck"
"Deposit - ONLINE DEPOSIT: REF # 54420676,Insurance refund from Hippo"
"Dividend,Interest Income"
"QuickPay with Zelle payment from,Transfer"
"QuickPay with Zelle payment to H,Transfer"
"MENARDS WARSAW IN,Home Improvement"
"GEICO  *AUTO,Auto Insurance"
"Withdrawal - CENLAR LOAN ADM 1 TIME DFT060120,Mortgage & Rent"
"INDIANA - AMERIC PAYMENT        ,Water"
"QuickPay with Zelle payment to P,Transfer"
"MINIMUM INTEREST CHARGE FEE,Finance Charge"
"INTERNET PAYMENT - THANK YOU,Credit Card Payment"
"CASHBACK BONUS REDEMPTION PYMT/S,Bonus"
"AMZN Mktp US*MY73519M1,Pharmacy"
"DISCOVER         E-PAYMENT  6252,Credit Card Payment"
"Deposit - CAPGEMINI AMERICDIRECT DEP200615,Paycheck"
"Deposit - ONLINE DEPOSIT: REF # 54520917,Income"
"COMCAST CHICAGO 800-COMCAST IL,Internet"
"Payment Thank You - Web,Credit Card Payment"
"BIRYANI KITCHEN,Restaurants"
"Payment to Chase card ending in ,Credit Card Payment"
"THECHILDRENSPLACE.COM,Clothing"
"THECHILDRENSPLACE.COM,Clothing"
"CAPGEMINI AMERIC DIRECT DEP     ,Paycheck"
"Withdrawal - TARGET DEBIT CRDACH TRAN  200614,Clothing"
"THECHILDRENSPLACE.COM,Clothing"
"Deposit - R GOVINDARAJAN  T-MOBILE MONEY   EXT TRNSFR 200616,Transfer"
"QuickPay with Zelle payment to F,Transfer"
"CHECK,Groceries"
"CAPGEMINI FIN SE FSPAY20201 I000,Auto & Transport"
"Withdrawal - T-MOBILE MONEY  EXT TRNSFR200617,Transfer"
"Payment Received - Thank You!,Credit Card Payment"
"WALMART GROCERY,Groceries"
"CHECK,Waste Water"
"CITY OF WARSAW,Utilities"
"Withdrawal - HONDA PMT       8005426632B20171,Auto Payment"
"Wyze Pan Camera and fitness tracker,Home Improvement"
"Amazon.com*MS8LT7M52,Shopping"
"NIPSCO           UTIL PYMT  3312,Utilities"
"WAL-MART #1304,Groceries"
"BIRYANI KITCHEN,Restaurants"
"THECHILDRENSPLACE.COM,Clothing"
"WYZE LABS, INC. KIRKLAND WA,Shopping"
"ALDI 62038,Groceries"
"MENARDS WARSAW IN,Home Improvement"
"MENARDS WARSAW IN,Home Improvement"
"MENARDS WARSAW IN,Home Improvement"
"Deposit - CAPGEMINI AMERICDIRECT DEP200630,Paycheck"
"Interest Paid,Interest Income"
"Payment to Chase card ending in ,Credit Card Payment"
"Payment Thank You - Web,Credit Card Payment"
"WALMART.COM,Groceries"
"CAPGEMINI AMERIC DIRECT DEP     ,Paycheck"
"Dividend,Interest Income"
"Transfer to 5514855-002 from 5514855-001,Transfer"
"Transfer to 5514855-002 from 5514855-001,Transfer"
"MARATHON PETROLEUM 419-422-2121 OH,Gas"
"Amazon.com*MJ9KE2LH0,Shopping"
"WWW.AOTAX.COM,Federal Tax"
"Withdrawal - CENLAR LOAN ADM 1 TIME DFT070120,Mortgage & Rent"
"Free range farm chicken,Groceries"
"Mango and pickle,Groceries"
"QuickPay with Zelle payment from,Transfer"
"INDIANA - AMERIC PAYMENT        ,Water"
"INTERNET PAYMENT - THANK YOU,Credit Card Payment"
"Transfer to 5514855-002 from 5514855-001,Transfer"
"Transfer to 5514855-002 from 5514855-001,Transfer"
"DISCOVER         E-PAYMENT  6252,Credit Card Payment"
"Payment to Chase card ending in ,Credit Card Payment"
"QuickPay with Zelle payment to P,Transfer"
"Payment Thank You - Web,Credit Card Payment"
"Withdrawal - DOR IT40        INTAX     200708,Federal Tax"
"CITY OF WARSAW,Utilities"
"NETFLIX.COM,Movies & DVDs"
"Withdrawal - IRS             USATAXPYMT071020,Federal Tax"
"COMCAST CHICAGO 800-COMCAST IL,Internet"
"QuickPay with Zelle payment to V,Transfer"
"QuickPay with Zelle payment to V,Transfer"
"CHECK,Waste Water"
"Deposit - CAPGEMINI AMERICDIRECT DEP200715,Paycheck"
"WAL-MART #1304,Groceries"
"WM SUPERCENTER #1304,Groceries"
"CAPGEMINI AMERIC DIRECT DEP     ,Paycheck"
"MEIJER # 267,Groceries"
"Amazon.com*MV3TK2AY1,Shopping"
"Payment Received - Thank You!,Credit Card Payment"
"Amazon.com,Shopping"
"Online Transfer from SAV ...9544,Transfer"
"Online Transfer 9975787948 to DC,Transfer"
"MEIJER # 267,Groceries"
"Withdrawal - HONDA PMT       8005426632B20202,Auto Payment"
"Deposit - JPMorgan Chase  EXT TRNSFR200722,Transfer"
"ONLINE PAYMENT - THANK YOU,Credit Card Payment"
"AMERICAN EXPRESS ACH PMT    W243,Credit Card Payment"
"AMZN Mktp US*MV4EA1VU0,Shopping"
"Withdrawal - CENLAR LOAN ADM 1 TIME DFT072220,Prepayment"
"Deposit - R GOVINDARAJAN  T-MOBILE MONEY   EXT TRNSFR 200724,Transfer"
"SAMS CLUB FUEL#6313 FORT WAYNE IN,Gas"
"SAM'S CLUB 6313 6313FORT WAYNE IN,Groceries"
"FORT WAYNE HALAL MARKET,Groceries"
"Withdrawal - T-MOBILE MONEY  EXT TRNSFR200727,Transfer"
"Deposit - RAJESH GOVINDAR HSBCBK SV WEBXFR P2P        200727,Transfer"
"BIRYANI KITCHEN 0000WARSAW IN,Restaurants"
"NIPSCO           UTIL PYMT  3312,Utilities"
"Withdrawal - CENLAR LOAN ADM 1 TIME DFT072720,Prepayment"
"Withdrawal - CENLAR LOAN ADM 1 TIME DFT072820,Prepayment"
"Deposit - CAPGEMINI AMERICDIRECT DEP200731,Paycheck"
"Interest Paid,Interest Income"
"QuickPay with Zelle payment from,Transfer"
"Payment to Chase card ending in ,Credit Card Payment"
"QuickPay with Zelle payment to G,Transfer"
"CAPGEMINI AMERIC DIRECT DEP     ,Paycheck"
"Payment Thank You - Web,Credit Card Payment"
"AMZN Mktp US*MF8DO4TT1,Shopping"
"Amazon.com*MV6UM7IG2,Shopping"
"AMZN Mktp US*MF7AR8TY1,Shopping"
"SALESFORCE.COM SERVICE,Business Services"
"Dividend,Interest Income"
"Deposit - ONLINE DEPOSIT: REF # 54851017,Income"
"Other,Transfer for Cash Spending"
"REMARKABLE OSLO OS,Transfer"
"INDIANA - AMERIC PAYMENT        ,Water"
"PAYPAL           INST XFER  BLUE,Books & Supplies"
"AMZN Mktp US*MF23X85P1,Shopping"
"AMZN Mktp US*MF6U02J72,Shopping"
"Withdrawal - CENLAR LOAN ADM 1 TIME DFT080320,Mortgage & Rent"
"Withdrawal - CENLAR LOAN ADM 1 TIME DFT080320,Prepayment"
"KELAINEYS ICE CREAM WINONA LAKE IN,Food & Dining"
"ZIMMER INC DES:PAYROLL ID: INDN:,Paycheck"
"INTERNET PAYMENT - THANK YOU,Credit Card Payment"
"ONLINE PAYMENT - THANK YOU,Credit Card Payment"
"AMERICAN EXPRESS ACH PMT    W066,Credit Card Payment"
"ALDI 44047,Groceries"
"Payment to Chase card ending in ,Credit Card Payment"
"CHECK,Groceries"
"Payment Thank You - Web,Credit Card Payment"
"QuickPay with Zelle payment from,Transfer"
"BIRYANI KITCHEN 0000WARSAW IN,Restaurants"
"DISCOVER         E-PAYMENT  6252,Credit Card Payment"
"FMSC.ORG,Charity"
"Zelle Transfer Conf# e33967bca;,Transfer"
"COMCAST CHICAGO 800-COMCAST IL,Internet"
"CHECK,Naidu Gift"
"BIRYANI KITCHEN 0000WARSAW IN,Restaurants"
"CITY OF WARSAW   UTILITY    3442,Utilities"
"Deposit - R GOVINDARAJAN  T-MOBILE MONEY   EXT TRNSFR 200813,Transfer"
"Deposit - DISCOVER BANK   PREARRANGE,Transfer"
"Deposit - CAPGEMINI AMERICDIRECT DEP200814,Paycheck"
"BIRYANI KITCHEN 0000WARSAW IN,Restaurants"
"MEIJER # 267 WARSAW IN,Groceries"
"BIRYANI KITCHEN WARSAW,Food & Dining"
"CAPGEMINI AMERIC DIRECT DEP     ,Paycheck"
"AMZN Mktp US*MF5L66KU0,Shopping"
"BP#8674616COLISEUMPEFORT WAYNE IN,Gas"
"BIRYANI KITCHEN WARSAW,Food & Dining"
"BIRYANI KITCHEN WARSAW,Food & Dining"
"QuickPay with Zelle payment to V,Transfer"
"Payment Received - Thank You!,Credit Card Payment"
"BIRYANI KITCHEN 0000WARSAW IN,Restaurants"
"Amazon.com*MM0HJ8MJ1,Shopping"
"AMZN Mktp US*MM59H3JX2,Shopping"
"Withdrawal - IPFW            BURCHECK  200820,Tuition"
"Withdrawal - T-MOBILE MONEY  EXT TRNSFR200820,Transfer"
"Withdrawal - HONDA PMT       8005426632B20232,Auto Payment"
"BIRYANI KITCHEN WARSAW,Food & Dining"
"ZIMMER INC DES:PAYROLL ID: INDN:,Paycheck"
"FORT WAYNE HALAL MARKET,Groceries"
"FORT WAYNE HALAL MARKET,Groceries"
"QuickPay with Zelle payment from,Transfer"
"AMZN Mktp US*MM1WJ2U71,Shopping"
"Zelle Transfer Conf# 06a4b6952;,Transfer"
"Withdrawal - TARGET DEBIT CRDACH TRAN  200823,Shopping"
"BIRYANI KITCHEN 0000WARSAW IN,Restaurants"
"NIPSCO           UTIL PYMT  3312,Utilities"
"MACYS .COM 0000001MASON OH,Shopping"
"MACYS .COM 0000001MASON OH,Shopping"
"BIRYANI KITCHEN WARSAW,Food & Dining"
"MEIJER # 267,Groceries"
"AMZN Mktp US*MM2UT8SV2,Shopping"
"AMZN Mktp US*MM9JM7KU2,Books & Supplies"
"AMZN Mktp US*MM5FR8SY2,Shopping"
"Deposit - ONLINE DEPOSIT: REF # 55030526,Transfer for Cash Spending"
"Other,Transfer for Cash Spending"
"INTERNET PAYMENT - THANK YOU,Credit Card Payment"
"Payment to Chase card ending in ,Credit Card Payment"
"BIRYANI KITCHEN 0000WARSAW IN,Restaurants"
"Payment Thank You - Web,Credit Card Payment"
"Deposit - CAPGEMINI AMERICDIRECT DEP200831,Paycheck"
"Withdrawal - CENLAR LOAN ADM 1 TIME DFT082820,Prepayment"
"XFINITY MOBILE 888-936-4968 PA,Mobile Phone"
"SHELL OIL XXXXXX5006FORT WAYNE IN,Gas"
"KELAINEYS ICE CREAM WINONA LAKE IN,Snacks"
"BIRYANI KITCHEN WARSAW,Restaurants"
"IN BMV WARSAW  448,BMV"
"Interest Paid,Interest Income"
"QuickPay with Zelle payment to H,Transfer"
"CHECK,Check"
"HARVARDBUS EDUCATION617-783-7600 MA,Education"
"CAPGEMINI AMERIC DIRECT DEP     ,Paycheck"
"DISCOVER         E-PAYMENT  6252,Credit Card Payment"
"MENARDS WARSAW IN,Home Improvement"
"Dividend,Interest Income"
"KELAINEYS ICE CREAM WINONA LAKE,Snacks"
"AMZN Mktp US,Shopping"
"PIZZA HUT FORT WAYNE IN,Fast Food"
"Payment to Chase card ending in ,Credit Card Payment"
"QuickPay with Zelle payment to P,Transfer"
"FIRE N THE HOLE WOODCLAYPOOL IN,Fast Food"
"Payment Thank You - Web,Credit Card Payment"
"QuickPay with Zelle payment to N,Transfer"
"DOMINOS PIZZA WARSAW IN,Fast Food"
"FIRE N THE HOLE WOODCLAYPOOL,Fast Food"
"AMZN Mktp US*MU2KB6TQ2,Shopping"
"Withdrawal - CENLAR LOAN ADM 1 TIME DFT090120,Prepayment"
"REMARKABLE OSLO OS,Transfer"
"ZIMMER INC DES:PAYROLL ID: INDN:,Paycheck"
"Deposit - R GOVINDARAJAN  T-MOBILE MONEY   EXT TRNSFR 200904,Transfer"
"MEIJER # 267,Groceries"
"INDIANA - AMERIC PAYMENT        ,Water"
"Withdrawal - T-MOBILE MONEY  EXT TRNSFR200908,Transfer"
"PAYPAL *EBAY US XXXXXX3239 CA,Shopping"
"DOMINOS PIZZA WARSAW IN,Fast Food"
"BP#XXX6481GOOD TO GOWARSAW IN,Gas"
"KOHL'S           CHG PYMT   0430,Shopping"
"Payment to Chase card ending in ,Credit Card Payment"
"TST* LIGHT RAIL COFFWINONA LAKE IN,Fast Food"
"BIRYANI KITCHEN 0000WARSAW IN,Restaurants"
"Payment Thank You - Web,Credit Card Payment"
"SAM'S CLUB 6313 6313FORT WAYNE IN,Home Improvement"
"SAM'S CLUB 6313 6313FORT WAYNE IN,Groceries"
"COMCAST CHICAGO 800-COMCAST IL,Internet"
"LIGHT RAIL CAFE WINONA LAKE,Fast Food"
"AMZN Mktp US*M40ZZ84Y1,Shopping"
"GOOGLE* VOICE    PRIVACYCOM     ,Phone"
"CITY OF WARSAW   UTILITY    4740,Utilities"
"Deposit - CAPGEMINI AMERICDIRECT DEP200915,Paycheck"
"CAPGEMINI AMERIC DIRECT DEP     ,Paycheck"
"CHECK,Groceries"
"Payment Received - Thank You!,Credit Card Payment"
"BIRYANI KITCHEN 0000WARSAW IN,Restaurants"
"carters, Inc.,Clothing"
"ZIMMER INC DES:PAYROLL ID: INDN:,Paycheck"
"PP*ONEWARSAWIN WARSAW IN,Fast Food"
"Amazon.com*M45Z15PD2,Books & Supplies"
"ALDI 62038,Groceries"
"QuickPay with Zelle payment from,Transfer"
"Zelle Transfer Conf# 5a1851b44;,Transfer"
"Withdrawal - HONDA PMT       8005426632B20265,Auto Payment"
"BIRYANI KITCHEN 0000WARSAW IN,Restaurants"
"DOMINOS PIZZA WARSAW IN,Fast Food"
"AMZN Mktp US*M491S0PW0,Shopping"
"Withdrawal - CENLAR LOAN ADM 1 TIME DFT092220,Mortgage & Rent"
"QuickPay with Zelle payment to V,Transfer"
"PANDA EXPRESS FORT WAYNE IN,Fast Food"
"MACYS .COM 0000001MASON OH,Shopping"
"SAM'S CLUB FUEL 6313FORT WAYNE IN,Gas"
"FORT WAYNE HALAL MARKET,Groceries"
"FORT WAYNE HALAL MARKET,Groceries"
"SAMS CLUB #6313,Groceries"
"BIRYANI KITCHEN,Restaurants"
"NIPSCO           UTIL PYMT  3312,Utilities"
"SUNRISE ORCHARDS,Snacks"
"Payment to Chase card ending in ,Credit Card Payment"
"ONLINE PAYMENT - THANK YOU,Credit Card Payment"
"AMERICAN EXPRESS ACH PMT    W569,Credit Card Payment"
"Payment Thank You - Web,Credit Card Payment"
"Deposit - CAPGEMINI AMERICDIRECT DEP200930,Paycheck"
"Interest Paid,Interest Income"
"Cash Redemption,Transfer"
"CAPGEMINI AMERIC DIRECT DEP     ,Paycheck"
"Offer:Sam's Club,Groceries"
"Dividend,Interest Income"
"QuickPay with Zelle payment from,Transfer"
"QuickPay with Zelle payment to P,Dance"
"PAYPAL *YEXIGAN EBAYXXXXXX7733 CH,Shopping"
"Amazon.com*MK03F5CC2,Shopping"
"Zelle Transfer Conf# 0aea0c857;,Transfer"
"DOMINO'S 2535,Fast Food"
"MEIJER # 267,Groceries"
"ZIMMER INC PAYROLL,Paycheck"
"ZIMMER INC DES:PAYROLL ID: INDN:,Paycheck"
"FORT WAYNE HALAL MARKET,Groceries"
"FORT WAYNE HALAL MARKET,Groceries"
"Deposit - ONLINE DEPOSIT: REF # 55286654,Income"
"INDIANA - AMERIC PAYMENT        ,Water"
"Withdrawal - CENLAR LOAN ADM 1 TIME DFT100120,Mortgage & Rent"
"Milk,Groceries"
"AMAZON MARKETPLACE,Shopping"
"MEIJER # 267,Groceries"
"BIRYANI KITCHEN 0000WARSAW IN,Restaurants"
"BIRYANI KITCHEN,Restaurants"
"ASSOC PHYS XXX-X32-4 FORT WAYNE,Doctor"
"INTERNET PAYMENT - THANK YOU,Credit Card Payment"
"PAYMENT - THANK YOU,Transfer"
"COMCAST CHICAGO 800-COMCAST IL,Internet"
"QuickPay with Zelle payment from,Transfer"
"QuickPay with Zelle payment from,Transfer"
"QuickPay with Zelle payment from,Transfer"
"Online Transfer 10446059932 to D,Transfer"
"QuickPay with Zelle payment to N,Transfer"
"Electronic Payment / RAJESH GOVINDARA ZELLE REF:028 172309001918,Transfer"
"Electronic Payment / RAJESH GOVINDARA ZELLE REF:028 XXXXXXXX6494,Transfer"
"INTEREST PAYMENT,Interest Income"
"BANK OF AMERICA CREDIT CARD Bill,Credit Card Payment"
"Zelle Transfer Conf# c65ffb06b;,Transfer"
"Bank of America DES:CASHREWARD I,Home"
"QuickPay with Zelle payment from,Transfer"
"DISCOVER         E-PAYMENT  6252,Credit Card Payment"
"Electronic Payment / RAJESH GOVINDARA ZELLE REF:028 131520002703,Transfer"
"Deposit - JPMorgan Chase  EXT TRNSFR201015,Transfer"
"Deposit - CAPGEMINI AMERICDIRECT DEP201015,Paycheck"
"Online Transfer 10468083875 to D,Transfer"
"DOMINOS PIZZA WARSAW IN,Fast Food"
"CAPGEMINI AMERIC DIRECT DEP     ,Paycheck"
"AMZN Mktp US*2T37A34U1,Shopping"
"CASHBACK BONUS REDEMPTION PYMT/S,Bonus"
"INTERNET PAYMENT - THANK YOU,Credit Card Payment"
"QuickPay with Zelle payment from,Transfer"
"ZIMMER INC PAYROLL,Paycheck"
"Zelle Transfer Conf# 5dc2fb461;,Transfer"
"ZIMMER INC DES:PAYROLL ID: INDN:,Paycheck"
"Deposit - JPMorgan Chase  EXT TRNSFR201019,Transfer"
"Payment to Chase card ending in ,Credit Card Payment"
"DISCOVER         E-PAYMENT  6252,Credit Card Payment"
"Payment Thank You - Web,Credit Card Payment"
"CITY OF WARSAW   UTILITY    6857,Utilities"
"Withdrawal - HONDA PMT       8005426632B20293,Auto Payment"
"YOUR CASH REWARD/REFUND IS,Bonus"
"ONLINE PAYMENT - THANK YOU,Credit Card Payment"
"AMERICAN EXPRESS ACH PMT    W724,Credit Card Payment"
"XFINITY MOBILE 888-936-4968 PA,Mobile Phone"
"WEBULL FINANCIAL ACH        2020,Webull"
"Online Transfer 10525272490 to D,Transfer"
"AMZN Mktp US,Shopping"
"Deposit - JPMorgan Chase  EXT TRNSFR201028,Transfer"
"NIPSCO           UTIL PYMT  3312,Utilities"
"Deposit - R GOVINDARAJAN  T-MOBILE MONEY   EXT TRNSFR 201028,Transfer"
"Deposit - CAPGEMINI AMERICDIRECT DEP201030,Paycheck"
"Interest Paid,Interest Income"
"CAPGEMINI AMERIC DIRECT DEP     ,Paycheck"
"ZIMMER INC PAYROLL,Paycheck"
"ZIMMER INC DES:PAYROLL ID: INDN:,Paycheck"
"Withdrawal - CENLAR LOAN ADM 1 TIME DFT102820,Prepayment"
"Dividend,Interest Income"
"MILAAP USA       PRIVACYCOM     ,Gifts & Donations"
"MARATHON PETRO250571,Gas"
"INDIANA - AMERIC PAYMENT        ,Water"
"Withdrawal - CENLAR LOAN ADM 1 TIME DFT110220,Mortgage & Rent"
"BIRYANI KITCHEN,Restaurants"
"MEIJER # 267,Groceries"
"QuickPay with Zelle payment from,Transfer"
"QuickPay with Zelle payment from,Transfer"
"Payment to Chase card ending in ,Credit Card Payment"
"QuickPay with Zelle payment to P,Transfer"
"QuickPay with Zelle payment to P,Transfer"
"FORT WAYNE HALAL MARKE,Groceries"
"Payment Thank You - Web,Credit Card Payment"
"Electronic Payment / RAJESH GOVINDARA ZELLE REF:031 XXXXXXXX2931,Transfer"
"INTEREST PAYMENT,Interest Income"
"Zelle Transfer Conf# 75fa0157a;,Transfer"
"AMZN Mktp US*2840L2UN1,Shopping"
"AMZN Mktp US*283T258R2,Shopping"
"MENARDS WARSAW IN,Home Improvement"
"AMZN Mktp US*207IJ8CB1,Shopping"
"Deposit - CAPGEMINI AMERICDIRECT DEP201113,Paycheck"
"COMCAST CHICAGO 800-COMCAST IL,Internet"
"CAPGEMINI AMERIC DIRECT DEP     ,Paycheck"
"CAPGEMINI AMERIC DIRECT DEP     ,Paycheck"
"ZIMMER INC PAYROLL,Paycheck"
"ZIMMER INC DES:PAYROLL ID: INDN:,Paycheck"
"SAMS CLUB #6313,Groceries"
"SAMS CLUB #6313,Groceries"
"FORT WAYNE HALAL MARKE,Groceries"
"AMZN Mktp US*200IK0FG2,Shopping"
"QuickPay with Zelle payment from,Transfer"
"QuickPay with Zelle payment from,Transfer"
"Payment to Chase card ending in ,Credit Card Payment"
"Payment Thank You - Web,Credit Card Payment"
"USPS.COM POSTAL STORE,Shipping"
"AMZN Mktp US*206721J52,Shopping"
"Electronic Payment / RAJESH GOVINDARA ZELLE REF:032 XXXXXXXX3772,Transfer"
"Zelle Transfer Conf# e794a1047;,Transfer"
"Milk,Groceries"
"Milk,Groceries"
"AMERICAN EXPRESS ACH PMT    W176,Credit Card Payment"
"AMERICAN EXPRESS ACH PMT    W176,Credit Card Payment"
"Online Transfer 10676201228 to D,Transfer"
"Withdrawal - HONDA PMT       8005426632B20324,Auto Payment"
"MEIJER # 267,Groceries"
"AMZN Mktp US*9X2BC5263,Shopping"
"Amazon.com*DR70B8PC3,Shopping"
"Deposit - JPMorgan Chase  EXT TRNSFR201124,Transfer"
"NIPSCO           UTIL PYMT  3312,Utilities"
"WM SUPERCENTER #1304,Groceries"
"Withdrawal - CENLAR LOAN ADM 1 TIME DFT112320,Prepayment"
"AMZN Mktp US*S02G006T3,Shopping"
"ZIMMER INC PAYROLL,Paycheck"
"ZIMMER INC DES:PAYROLL ID: INDN:,Paycheck"
"Deposit - CAPGEMINI AMERICDIRECT DEP201130,Paycheck"
"AMZN Mktp US*0C6758Z53,Shopping"
"Interest Paid,Interest Income"
"CAPGEMINI AMERIC DIRECT DEP     ,Paycheck"
"CAPGEMINI AMERIC DIRECT DEP     ,Paycheck"
"Dividend,Interest Income"
"CHECK,Check"
"AMZN Mktp US*U88EP6PI3,Shopping"
"QuickPay with Zelle payment to P,Transfer"
"QuickPay with Zelle payment to P,Transfer"
"Payment to Chase card ending in ,Credit Card Payment"
"Payment to Chase card ending in ,Credit Card Payment"
"Payment Thank You - Web,Credit Card Payment"
"MEIJER # 267,Groceries"
"Withdrawal - CENLAR LOAN ADM 1 TIME DFT120120,Mortgage & Rent"
"AMERICAN EXPRESS ACH PMT    W052,Credit Card Payment"
"AMERICAN EXPRESS ACH PMT    W052,Credit Card Payment"
"WALMART.COM AW,Groceries"
"Withdrawal - TARGET DEBIT CRDACH TRAN  201203,Shopping"
"WALMART.COM AV,Groceries"
"BIRYANI KITCHEN,Restaurants"
"INDIANA - AMERIC PAYMENT        ,Water"
"INDIANA - AMERIC PAYMENT        ,Water"
"BIRYANI KITCHEN,Restaurants"
"AMZN Mktp US*689KE9G33,Shopping"
"WM SUPERCENTER #1304,Groceries"
"SAMS CLUB #6313,Groceries"
"AMZN Mktp US*0I5L77443,Shopping"
"SAMS CLUB #6313,Groceries"
"PANDA EXPRESS #2289,Fast Food"
"FORT WAYNE HALAL MARKE,Groceries"
"Withdrawal - TARGET DEBIT CRDACH TRAN  201204,Shopping"
"Withdrawal - TARGET DEBIT CRDACH TRAN  201205,Shopping"
"AMZN Mktp US*Y98LU6DF3,Shopping"
"SAMSCLUB #6313,Groceries"
"Milk,Groceries"
"Milk,Groceries"
"Egg,Groceries"
"CITY OF WARSAW   UTILITY    6542,Utilities"
"CITY OF WARSAW   UTILITY    6542,Utilities"
"KOHL'S           CHG PYMT   0430,Shopping"
"KOHL'S           CHG PYMT   0430,Shopping"
"AMZN Mktp US*AF1D86PT3,Shopping"
"ZIMMER INC PAYROLL,Paycheck"
"INTEREST PAYMENT,Interest Income"
"ZIMMER INC DES:PAYROLL ID: INDN:,Paycheck"
"COMCAST CHICAGO 800-COMCAST IL,Internet"
"AMZN Mktp US,Shopping"
"BLUE GATE THEATER,Entertainment"
"Deposit - CAPGEMINI AMERICDIRECT DEP201215,Paycheck"
"QuickPay with Zelle payment from,Transfer"
"QuickPay with Zelle payment from,Transfer"
"CAPGEMINI AMERIC DIRECT DEP     ,Paycheck"
"CAPGEMINI AMERIC DIRECT DEP     ,Paycheck"
"Zelle Transfer Conf# 82eb5b1f3;,Transfer"
"GEICO  *AUTO,Auto Insurance"
"AMZN Mktp US*P63XN80K3,Shopping"
"AMZN Mktp US*RO6BQ5DW3,Shopping"
"Amazon.com*4V6GO6QH3,Shopping"
"QuickPay with Zelle payment to G,Transfer"
"QuickPay with Zelle payment to G,Transfer"
"REDEMPTION CREDIT,Credit Card Payment"
"MEIJER # 267,Groceries"
"ALDI 62038,Groceries"
"CASHBACK BONUS REDEMPTION PYMT/S,Bonus"
"INTERNET PAYMENT - THANK YOU,Credit Card Payment"
"QuickPay with Zelle payment from,Transfer"
"QuickPay with Zelle payment from,Transfer"
"RESIDENTIAL WARRANTY S,Fees & Charges"
"Electronic Payment / RAJESH GOVINDARA ZELLE REF:035 XXXXXXXX9255,Transfer"
"Withdrawal - HONDA PMT       8005426632B20356,Auto Payment"
"DISCOVER         E-PAYMENT  6252,Credit Card Payment"
"DISCOVER         E-PAYMENT  6252,Credit Card Payment"
"NIPSCO           UTIL PYMT  3312,Utilities"
"XFINITY MOBILE 888-936-4968 PA,Mobile Phone"
"ZIMMER INC PAYROLL,Paycheck"
"ZIMMER INC DES:PAYROLL ID: INDN:,Paycheck"
"SARAGA INTERNATIONAL G,Groceries"
"PATEL BROTHERS,Groceries"
"PATEL BROTHERS,Groceries"
"MCCLURE STORE #37,Gas"
"PATEL BROTHERS,Groceries"
"QuickPay with Zelle payment from,Transfer"
"QuickPay with Zelle payment from,Transfer"
"Payment to Chase card ending in ,Credit Card Payment"
"Zelle Transfer Conf# 820a506a2;,Transfer"
"Payment Thank You - Web,Credit Card Payment"
"AMZN Mktp US*JG81C0WD3,Shopping"
"PATEL BROTHERS,Groceries"
"AMZN Mktp US*BJ8MN3XK3,Shopping"
"Electronic Payment / RAJESH GOVINDARA ZELLE REF:036 XXXXXXXX1796,Transfer"
"Deposit - MPHASIS LTD.    PAYMENT   201224,Paycheck"
"Egg ,Groceries"
"WM SUPERCENTER #1304,Groceries"
"Online Transfer XXXXXXX5405 from,Transfer"
"Withdrawal - JPMorgan Chase  Ext Trnsfr201230,Transfer"
"Deposit - CAPGEMINI AMERICDIRECT DEP201231,Paycheck"
"Interest Paid,Interest Income"
"CAPGEMINI AMERIC DIRECT DEP     ,Paycheck"
"Dividend,Interest Income"
"COMCAST CHICAGO,Internet"